0	아스카의 결말
1	마음을 가라앉히고 의식을 모은다.\n또 하나의 「눈」을 떴다.\n
2	온갖 곳을\n엿볼 수 있는\n숨겨진 「눈」이다.\n자, 누구를 엿볼까?\n
3	칸바야시 아스카와 쿠사오 하루토가\n밤의 산을 질주하고 있었다.\n무슨 일이 있었던 걸까\n
4	어째서?\n
5	그건……\n
6	멈춰!!\n지옥소녀의 한패 놈들!!\n
7	바, 발포 허가는 나 있다고……\n안 멈추면……\n쏘, 쏜다!!\n
8	어둠 속에서 목소리가 들린다.\n두 사람은\n경찰에게서 도망치는 모양이다.\n
9	아스카는 그렇다 치고.\n하루토는 대체 왜?\n
10	도망치자!!\n
11	멈춰어!!\n
12	멈춰!!\n
13	젠장……\n어두워서 안 보인다고요……\n
14	이, 이쪽……\n
15	싫어……\n총에 맞았어!!\n
16	벼……\n별거……아……\n아니야……\n
17	칸바야시 아스카의 표정으로 알았다.\n살 수 없는 상처이리라.\n
18	하하……\n
19	말하면 안 돼!\n
20	응?\n여기는……\n
21	쿠사오 하루토의 아버지를\n지옥에 보낸 곳인가.\n인과로군.\n
22	아……\n아까 물어본 거……\n대답……\n
23	어?\n뭐?\n
24	죽어 가는 소년은 떨리는 손으로\n주머니에서 뭔가를 꺼냈다.\n
25	호네온나의 빨간 짚인형이었다.\n
26	앗!?\n
27	호네온나는 어떤 마음으로\n실이 풀리기를 기다리고 있을까.\n분명 속으로 울고 있으리라.\n
28	내 손으로……\n……흘려보내야 한다고……\n
29	발포 허가는 어제부터 났었어.\n아스카가 저항하다가\n거기서 죽어 버리면……\n지옥에 흘려보낼 수 없잖아?\n
30	바보 녀석……\n
31	괴로웠지?\n미안해……\n
32	어?\n
33	조사했어……\n아스카의 복수……\n마을 관습에\n원인이 있었구나……\n
34	그러니까……미안해……\n하지만 아스카는\n우리 아버지를 지옥에 보냈어.\n그걸……나는 원망해.\n
35	아스카를 지옥에 흘려보내고\n나도 속죄하는 뜻으로……\n지옥행을 받아들일 거야……\n
36	안 돼, 하루토 군……\n봐.\n
37	칸바야시 아스카가\n마츠카타 미야를 흘려보냈을 때 생긴\n가슴의 각인을 보여 준다.\n
38	각인이 있는 자는\n죽은 뒤 지옥에 떨어진다.\n그 표시다.\n
39	아……\n그건……\n
40	응.\n내 지옥행은\n이미 정해져 있어.\n그러니까……\n
41	그러니까 무리해서\n하루토 군까지 지옥에 갈\n필요는 없어.\n
42	하루토 군은……\n천국에 가.\n응?\n
43	안 돼!\n
44	아스카를\n이런 꼴로 만든 건\n마을의 책임이잖아?\n
45	그러니까……\n내 책임이기도 해.\n그래서……\n
46	아아, 추워……\n눈앞이 어두워지기 시작했어.\n
47	눈앞의 죽음.\n여기서 실을 풀면\n자신도 곧바로\n지옥에 떨어진다.\n
48	그걸 알면서……\n
49	어째서\n인간은 이렇게도……\n
50	마을의 책임은 내 책임이기도……\n그러니까……\n아스카 혼자만……\n지옥에 가게 하지는 않아……\n
51	같이……\n
52	고마워……\n
53	하하……\n서로 전하고 싶은 말은……\n아직 많지만.\n
54	나머지는 지옥에서……\n응?\n
55	원한, 받아들였노라.\n
56	바보 같은 녀석……\n
57	실을 푸는 동시에\n쿠사오 하루토는\n칸바야시 아스카의 뒤를 따랐다.\n
58	이걸로 끝났다……\n
59	집중을 푼다.\n조용히 「눈」을 감았다.\n
60	원한의 끝
61	미카게 유즈키는\n히메우마 마을을 떠났다.\n
62	이런, 이런.\n사람의 원한이란 무서운 법이지.\n
63	결국 이번엔\n우리가 할 수 있는 일이\n아무것도 없었네.\n
64	어차피 인간의 원한은\n인간끼리가 아니면\n해결 못 하는 법이여.\n
65	그리고 해결 못 한 원한을\n풀어 주려고 우리가 있는 거지……\n그런 얘기야.\n
66	그래도 왠지 씁쓸한\n사건이었네요.\n
67	씁쓸한 사건이긴 했다.\n다만 저주받은 마을의 관습은\n끊어졌다.\n
68	이건 이것대로 잘된 것이리라.\n
69	다음 가자, 다음!\n와로와로, 빨리 감아~!\n
70	다음 의뢰가 기다리고 있어.\n다들, 가자……\n
71	네, 아가씨.\n
72	벌써?\n좀 쉬게 해 달라고.\n
73	예이, 아가씨.\n
74	인간 세상에서 원한이 사라질 때까지\n지옥 흘려보내기는 계속된다.\n
75	인간 세상에서\n원한이 사라질 때까지……\n나는 지켜본다.\n
76	OK, 아가씨.\n
