F9390	배경을 불러오지 못했습니다
F94A0	캐릭터를 불러오지 못했습니다
F9778	전경을 불러오지 못했습니다
F9820	전경 처리가 끝나지 않았습니다
F98D8	애니메이션을 불러오지 못했습니다
FA758	퀵 로드
FA768	되감기
FAB70	메모리 카드(PS2)를 확인하고 있습니다.\n메모리 카드(PS2)를 빼거나\n전원을 끄지 마십시오.
FABE8	게임 데이터가 손상되었습니다.
FAC08	메모리 카드(PS2)가 꽂혀 있지 않습니다.
FAC38	메모리 카드(PS2)의\n여유 공간이 부족합니다.
FAC70	이 게임의 데이터를 저장하려면\n%dKB 이상 필요합니다.\n이대로 시작하시겠습니까?\n
FACC8	이대로 게임을 시작하시겠습니까?
FAD88	지옥소녀 미오요스가
FAEA8	◎지옥소녀 프로젝트/삼정 제작위원회\n◎2009 COMPILE HEART
FB090	장면 재생을 끝내시겠습니까?
FB148	퀵 세이브했습니다.
FB180	퀵 로드하시겠습니까?
FB1B8	기록이 없습니다.
FB238	타이틀로 돌아갈까요?
FB338	【유즈키】
FB348	【아스카】
FB358	【루이】
FB368	【하루토】
FB378	【아유미】
FB388	【이시모토】
FB398	【엔마 아이】
FB3A8	【안나】
FB3B8	【류도】
FB3C8	【야마와로】
FB3D8	【키쿠리】
FB3E8	【키비츠】
FB3F8	【미사키】
FB408	【토모히코】
FB418	【노부히코】
FB428	【야요이코】
FB438	【미야】
FB448	【마사하루】
FB458	【효마】
FB468	【무라카미】
FB478	【이치모쿠렌】
FB488	【호네온나】
FB498	【와뉴도】
FB4A8	【???】
FB4B8	【모두】
FB4C8	메모리 카드(PS2)를 확인하고 있습니다.\n메모리 카드(PS2)를 빼거나\n전원을 끄지 마십시오.
FB540	메모리 카드(PS2)가 꽂혀 있지 않습니다.\n슬롯 1에 메모리 카드(PS2)를\n꽂아 주십시오.
FB5A8	메모리 카드(PS2)가\n포맷되어 있지 않습니다.
FB5E0	메모리 카드(PS2)를 포맷하고 있습니다.\n메모리 카드(PS2)를\n빼거나 꽂지 마십시오.
FB648	메모리 카드(PS2)의 포맷이\n끝났습니다.
FB680	메모리 카드(PS2)의 포맷에\n실패했습니다.
FB6B8	게임 데이터가 손상되었습니다.
FB6D8	게임 데이터를 새로 만들고 있습니다.\n메모리 카드(PS2)를\n빼거나 꽂지 마십시오.
FB730	게임 데이터를 새로 만들었습니다.
FB758	게임 데이터를 만들지 못했습니다.
FB780	메모리 카드(PS2)의 여유 공간이\n부족합니다. 이 게임의 데이터를 저장하려면\n%dKB 이상 필요합니다.\n
FB7F8	게임 데이터가 없습니다.
FB818	세이브 데이터를 만들고 있습니다.\n메모리 카드(PS2)를\n빼거나 꽂지 마십시오.
FB868	세이브 데이터를 만들지 못했습니다.
FB890	세이브 데이터를 만들었습니다.
FB8B8	포맷하시겠습니까?
FB8E0	게임 데이터를 새로 만드시겠습니까?
FB908	세이브 데이터를 새로 만드시겠습니까?
FB930	세이브 데이터를 덮어쓸까요?
FB950	세이브를 끝낼까요?
FB968	게임 데이터를 초기화할까요?
FB988	게임 데이터를 초기화하고 있습니다.\n메모리 카드(PS2)를\n빼거나 꽂지 마십시오.
FB9E0	게임 데이터의 초기화가\n끝났습니다.
FBA08	게임 데이터의 초기화에\n실패했습니다.
FBAC8	세이브 데이터를 불러오고 있습니다.\n메모리 카드(PS2)를\n빼거나 꽂지 마십시오.
FBB30	세이브 데이터를 불러왔습니다.
FBB58	세이브 데이터를 불러오지 못했습니다.
FBB80	세이브 데이터를 불러올까요?
FBBA0	로드를 끝내시겠습니까?
FBC38	시스템 데이터를 저장하고 있습니다.\n메모리 카드(PS2)를\n빼거나 꽂지 마십시오.
FBC90	시스템 데이터를 저장하지 못했습니다.
FBCB8	시스템 데이터를 저장했습니다.
FBCE0	시스템 데이터를 저장할까요?
FBD98	새로 만들기
FBDD8	설정을 초기화할까요?
FBDF0	설정이 바뀌었습니다.\n시스템 데이터를 저장하시겠습니까?
FBE30	시스템 데이터를 저장하지 않고\n계속 진행하시겠습니까?
FBE70	◆게임 진행 방법
FBE88	당신은 각 시나리오의 주인공이 되어
FBEB0	【○버튼】을 눌러
FBED0	게임을 진행합니다.
FBEE8	이야기 중 나오는 【선택지】에
FBF08	【커서】를 맞추면
FBF20	캐릭터와의 대화나 행동 등이
FBF48	바뀌며 여러 결말을 맞이합니다.
FBF68	◆조작 방법
FBF80	아래 버튼 조작으로
FBFA0	게임을 진행해 주십시오.
FBFC0	【방향키】
FBFD0	항목 선택, 커서 이동
FBFF0	【○버튼】
FC000	항목 결정, 메시지 넘기기
FC020	【×버튼】
FC030	항목 취소, 메시지
FC050	창 ON/OFF
FC070	【△버튼】
FC080	메뉴 표시
FC090	【□버튼】
FC0A0	메시지 스킵 ON/OFF
FC0C8	【L1버튼】
FC0D8	【L2버튼】
FC0E8	퀵 세이브
FC0F8	【R1버튼】
FC108	기록 보기
FC118	【R2버튼】
FC128	퀵 로드
FC138	【START버튼】
FC150	무비 스킵
FC168	【SELECT버튼】
FC180	읽은 문장/강제/자동
FC198	모드 전환
FC1B0	【오른쪽 스틱】
FC1C8	사용하지 않음
FC1D8	【왼쪽 스틱】
FC1F0	【ANALOG 모드 스위치】
FC210	◆편리한 기능
FC228	게임 중에 쓸 수 있는
FC240	각 기능을 설명합니다.
FC258	【퀵 세이브】
FC270	게임 진행 내용을
FC288	저장할 수 있습니다.
FC2A8	※퀵 세이브 데이터는
FC2C8	계속 덮어쓰게 됩니다.
FC2E0	【퀵 로드】
FC2F8	게임 중에 퀵 세이브한
FC318	데이터를 불러올 수 있습니다.
FC340	※퀵 세이브를 하지 않았으면
FC368	퀵 로드할 수 없습니다.
FC388	【기록 보기】
FC398	한 번 읽은 문장은 기록으로
FC3B8	남습니다.
FC3C8	음성 재생이 되는 장면은
FC3E0	【○버튼】을 선택하면
FC400	그 장면의 음성이 재생됩니다.
FC420	※단, 기록에는 표시 제한이
FC440	있어서 너무 앞으로는
FC460	못 돌아갑니다.
FC470	【모드 전환】
FC488	읽은 문장/강제/자동
FC4A0	스킵 모드를 전환할 수
FC4C0	있습니다.
FC4D0	【스킵 ON/OFF】
FC4F0	선택한 스킵 모드를
FC510	실행/정지할 수 있습니다.
FC530	◆게임 메뉴
FC550	게임 메뉴에서는 아래
FC570	설정과 확인을 할 수 있습니다.
FC590	【불러오기】
FC5A0	저장한 데이터를 불러옵니다.
FC5C8	【저장】
FC5D8	게임 진행 내용을 저장합니다.
FC5F8	【설정】
FC608	옵션 메뉴 화면으로
FC628	이동할 수 있습니다.
FC648	【타이틀】
FC658	타이틀 화면으로 이동할 수
FC678	있습니다.
FC688	게임 도중 타이틀 화면으로
FC6A8	이동하면 저장은
FC6C0	되지 않습니다.
FC6D8	【돌아가기】
FC6E8	메뉴를 닫고
FC700	게임으로 돌아갑니다.
FC718	◆옵션 메뉴
FC738	옵션 메뉴에서는 아래
FC758	【게임 설정】
FC768	문장 표시 속도, 진동 ON/OFF,
FC790	메시지 창의 농도,
FC7B0	각 스킵 모드 전환 등을
FC7D0	설정할 수 있습니다.
FC7E8	【스킵 모드 설정】
FC800	각 스킵 모드의 표시 속도와
FC820	「해제」・「계속」 설정을
FC840	전환할 수 있습니다.
FC868	「해제」이면 장이 바뀌거나
FC888	선택지에서 스킵 모드가
FC8A8	해제되지만,
FC8C0	「계속」으로 해 두면
FC8D8	스킵 모드가 계속됩니다.
FC8F8	(선택지에서는 선택한 뒤에
FC918	 스킵 모드로 돌아갑니다.)
FC940	【사운드 설정】
FC958	BGM이나 보이스 음량 등의
FC978	【조작 방법】
FC988	조작 방법 등의 도움말이
FC9A0	표시됩니다.
FC9B0	【설정 초기화】
FC9C0	모든 설정을 처음으로 되돌립니다.
FC9E8	◆스킵 모드
FCA08	각 스킵 모드는 다음과 같이
FCA28	문장을 표시합니다.
FCA48	【읽은 문장】
FCA58	한 번 읽은 적이 있는 문장만
FCA78	스킵합니다.
FCA90	【강제】
FCAA0	모든 문장을 스킵합니다.
FCAC0	【자동】
FCAD0	표시된 문장의 보이스를 재생한 뒤
FCAF8	자동으로 다음 문장으로
FCB18	넘어갑니다.
FD348	미카게 유즈키
FD358	칸바야시 아스카
FD368	리쿠도 루이
FD378	쿠사오 하루토
FD388	시노사키 아유미
FD398	엔마 아이
FD3A8	소네 안나
FD3B8	후와 류도
FD3C8	키비츠 타카야스
FD3D8	카사마 미사키
FD3E8	마츠카타 토모히코
FD3F8	마츠카타 노부히코
FD408	마츠카타 야요이코
FD418	마츠카타 미야
FD428	쿠사오 마사하루
FD438	시노사키 효마
FD448	무라카미 아키오
105D40	예\n
105D48	아니오\n
105D60	로드
105D88	아스카
105D90	하루토
105D98	아유미
105DA0	토모히코
105DA8	미사키
105DB0	야요이코
105DB8	무라카미
105DC0	노부히코
105DC8	마사하루
105DD0	키비츠
105F88	이시모토
105F90	야마와로
105F98	키쿠리
105D80	유즈키
