F9390	31	背景が読み込まれていません
F94A0	31	キャラが読み込まれていません
F9778	31	前景が読み込まれていません
F9820	31	前景の処理が完了していません
F98D8	39	アニメーションが読み込まれていません
FA758	15	クイックロード
FA768	15	巻き戻し
FA9C8	3	信 
FA9CC	3	弄 
FAB70	119	メモリーカード（ＰＳ２）をチェックしています。\nメモリーカード（ＰＳ２）を抜いたり、\n電源を切ったりしないでください。
FABE8	31	ゲームデータが壊れています。
FAC08	47	メモリーカード（ＰＳ２）が差さっていません。
FAC38	55	メモリーカード（ＰＳ２）の\n空き容量が不足しています。
FAC70	87	このゲームのデータをセーブするには\n%dキロバイト以上必要です。\nこのまま開始しますか？\n
FACC8	31	このままゲームを開始しますか？
FAD88	23	地獄少女　みおよすが
FAEA8	63	◎地獄少女プロジェクト／三鼎製作委員会\n◎2009 COMPILE HEART
FB090	31	シーン再生を終了しますか？
FB148	31	クイックセーブしました。
FB180	31	クイックロードしますか？
FB1B8	19	履歴がありません。
FB238	23	タイトルに戻りますか？
FB338	15	【御景ゆずき】
FB348	15	【神林明日香】
FB358	15	【六道るい】
FB368	15	【草尾春人】
FB378	15	【篠崎歩弓】
FB388	15	【石元蓮】
FB398	15	【閻魔あい】
FB3A8	15	【曽根アンナ】
FB3B8	15	【不破龍堂】
FB3C8	15	【山童】
FB3D8	15	【きくり】
FB3E8	15	【吉備津嵩泰】
FB3F8	15	【笠間御咲 】
FB408	15	【松方智彦】
FB418	15	【松方信彦】
FB428	15	【松方弥生子】
FB438	15	【松方美夜】
FB448	15	【草尾雅春】
FB458	15	【篠崎兵馬】
FB468	15	【村上昭夫】
FB478	15	【一目連】
FB488	15	【骨女】
FB498	15	【輪入道】
FB4A8	15	【？？？】
FB4B8	15	【一同】
FB4C8	119	メモリーカード（ＰＳ２）をチェックしています。\nメモリーカード（ＰＳ２）を抜いたり、\n電源を切ったりしないでください。
FB540	103	メモリーカード（ＰＳ２）が差さっていません。\nスロット１にメモリーカード（ＰＳ２）を\n差してください。
FB5A8	55	メモリーカード（ＰＳ２）が\nフォーマットされていません。
FB5E0	103	メモリーカード（ＰＳ２）をフォーマット中です。\nメモリーカード（ＰＳ２）を\n抜き差ししないで下さい。
FB648	55	メモリーカード（ＰＳ２）のフォーマットが\n終了しました。
FB680	55	メモリーカード（ＰＳ２）のフォーマットに\n失敗しました。
FB6B8	31	ゲームデータが壊れています。
FB6D8	87	ゲームデータを新規作成中です。\nメモリーカード（ＰＳ２）を\n抜き差ししないで下さい。
FB730	39	ゲームデータを新規作成しました。
FB758	39	ゲームデータの新規作成に失敗しました。
FB780	119	メモリーカード（ＰＳ２）の空き容量が不足\nしています。このゲームのデータをセーブする\nには%dキロバイト以上必要です。\n
FB7F8	31	ゲームデータがありません。
FB818	79	セーブデータを作成中です。\nメモリーカード（ＰＳ２）を\n抜き差ししないで下さい。
FB868	39	セーブデータの作成に失敗しました。
FB890	39	セーブデータの作成が終了しました。
FB8B8	39	フォーマットしてよろしいですか？
FB8E0	39	ゲームデータを新規作成しますか？
FB908	39	セーブデータを新規作成しますか？
FB930	31	セーブデータを上書きしますか？
FB950	23	セーブを終了しますか？
FB968	31	ゲームデータを初期化しますか？
FB988	87	ゲームデータを初期化中です。\nメモリーカード（ＰＳ２）を\n抜き差ししないで下さい。
FB9E0	39	ゲームデータの初期化が\n終了しました。
FBA08	39	ゲームデータの初期化に\n失敗しました。
FBAC8	87	セーブデータを読み込み中です。\nメモリーカード（ＰＳ２）を\n抜き差ししないで下さい。
FBB30	39	セーブデータの読み込みが終了しました。
FBB58	39	セーブデータの読み込みに失敗しました。
FBB80	31	セーブデータを読み込みますか？
FBBA0	23	ロードを終了しますか？
FBC38	87	システムデータを保存中です。\nメモリーカード（ＰＳ２）を\n抜き差ししないで下さい。
FBC90	39	システムデータの保存に失敗しました。
FBCB8	39	システムデータの保存が終了しました。
FBCE0	31	システムデータを保存しますか？
FBD98	15	新規作成
FBDD8	23	設定を初期化しますか？
FBDF0	63	設定が変更されています。\nシステムデータをセーブしますか？
FBE30	63	システムデータをセーブしないで\n先に進んでもよろしいですか？
FBE70	23	◆ゲームの進め方
FBE88	39	あなたは各シナリオの主人公となり
FBEB0	31	【○ボタン】を押すことで、
FBED0	23	ゲームは進行します。
FBEE8	31	物語の途中で現れる【選択肢】に
FBF08	23	【カーソル】を合わせ、
FBF20	39	キャラクターとの会話や行動などが
FBF48	31	変化し、様々な結末を迎えます。
FBF68	23	◆操作方法について
FBF80	31	以下のボタン操作をおこなって
FBFA0	31	ゲームを進行させてください。
FBFC0	15	【方向キー】
FBFD0	31	項目の選択・カーソルの移動
FBFF0	15	【○ボタン】
FC000	31	項目の決定・メッセージ送り
FC020	15	【×ボタン】
FC030	31	項目のキャンセル・メッセージ
FC050	31	ウィンドウのＯＮ／ＯＦＦ
FC070	15	【△ボタン】
FC080	15	メニューの表示
FC090	15	【□ボタン】
FC0A0	39	メッセージスキップのＯＮ／ＯＦＦ
FC0C8	15	【Ｌ１ボタン】
FC0D8	15	【Ｌ２ボタン】
FC0E8	15	クイックセーブ
FC0F8	15	【Ｒ１ボタン】
FC108	15	履歴の表示
FC118	15	【Ｒ２ボタン】
FC128	15	クイックロード
FC138	23	【ＳＴＡＲＴボタン】
FC150	23	ムービーのスキップ
FC168	23	【ＳＥＬＥＣＴボタン】
FC180	23	既読モード／強制モード
FC198	23	／自動モードの切り替え
FC1B0	23	【右スティック】
FC1C8	15	使用しません
FC1D8	23	【左スティック】
FC1F0	31	【Analogモードスイッチ】
FC210	23	◆便利機能について
FC228	23	ゲーム中、使用できる
FC240	23	各機能の説明をします。
FC258	23	【クイックセーブ】
FC270	23	ゲーム中の進行内容を
FC288	31	保存することができます。
FC2A8	31	※クイックセーブのデータは
FC2C8	23	上書きされていきます。
FC2E0	23	【クイックロード】
FC2F8	31	ゲーム中、クイックセーブした
FC318	39	データを読み込むことができます。
FC340	39	※クイックセーブをしていない場合
FC368	31	クイックロードできません。
FC388	15	【履歴の表示】
FC398	31	一度読んだ文章は履歴として
FC3B8	15	残ります。
FC3C8	23	音声を再生できる場面は
FC3E0	31	【○ボタン】を選択すると
FC400	31	その場面の音声が再生されます。
FC420	31	※ただし、履歴には表示制限が
FC440	31	ありますので、あまり前には
FC460	15	戻れません。
FC470	23	【モードの切替】
FC488	23	既読／強制／自動の
FC4A0	31	各スキップモードの切替が
FC4C0	15	おこなえます。
FC4D0	31	【スキップのＯＮ／ＯＦＦ】
FC4F0	31	選択したスキップモードの
FC510	31	実行／停止がおこなえます。
FC530	31	◆ゲームメニューについて
FC550	31	ゲームメニューでは、以下の
FC570	31	設定及び確認がおこなえます。
FC590	15	【読込】
FC5A0	39	セーブしたデータを読み込みます。
FC5C8	15	【保存】
FC5D8	31	ゲームの進行内容を保存します。
FC5F8	15	【設定】
FC608	31	オプションメニュー画面へ
FC628	31	移動することができます。
FC648	15	【タイトル】
FC658	31	タイトル画面へ移動することが
FC678	15	できます。
FC688	31	ゲームの途中でタイトル画面へ
FC6A8	23	移動した場合、セーブは
FC6C0	23	おこなわれません。
FC6D8	15	【戻ル】
FC6E8	23	メニューを閉じて
FC700	23	ゲームに戻ります。
FC718	31	◆オプションメニューについて
FC738	31	オプションメニューでは、以下の
FC758	15	【ゲーム設定】
FC768	39	文章の表示速度、振動のＯＮ／ＯＦＦ
FC790	31	メッセージウィンドウの濃淡、
FC7B0	31	各スキップモードの切替などの
FC7D0	23	設定がおこなえます。
FC7E8	23	【スキップモード設定】
FC800	31	各スキップモードの表示速度と
FC820	31	「解除」・「継続」設定の
FC840	39	切り替えをおこなうことができます。
FC868	31	「解除」の場合、章の切り替えや
FC888	31	選択肢でスキップモードが
FC8A8	23	解除されますが、
FC8C0	23	「継続」にしておくと
FC8D8	31	スキップモードが継続します。
FC8F8	31	（選択肢の場合は選択後に
FC918	39	　スキップモードに移行します。）
FC940	23	【サウンド設定】
FC958	31	ＢＧＭやボイスの音量などの
FC978	15	【操作方法】
FC988	23	操作方法などのヘルプが
FC9A0	15	表示されます。
FC9B0	15	【設定初期化】
FC9C0	39	全ての設定を初期状態に戻します。
FC9E8	31	◆スキップモードについて
FCA08	31	各スキップモードは以下のように
FCA28	31	文章表示をおこないます。
FCA48	15	【既読】
FCA58	31	一度読んだことのある文章のみ
FCA78	23	スキップします。
FCA90	15	【強制】
FCAA0	31	全ての文章をスキップします。
FCAC0	15	【自動】
FCAD0	39	表示された文章のボイスを再生後、
FCAF8	31	自動的に次の文章へスキップ
FCB18	15	します。
FD070	3	汕
FD0B0	3	莱
FD0D0	3	驫
FD0E0	3	繼
FD190	3	熬
FD2A0	3	逍
FD348	15	御影ゆずき
FD358	15	神林明日香
FD368	15	六道るい
FD378	15	草尾春人
FD388	15	篠崎歩弓
FD398	15	閻魔あい
FD3A8	15	曽根アンナ
FD3B8	15	不破龍堂
FD3C8	15	吉備津嵩泰
FD3D8	15	笠間御咲
FD3E8	15	松方智彦
FD3F8	15	松方信彦
FD408	15	松方弥生子
FD418	15	松方美夜
FD428	15	草尾雅春
FD438	15	篠崎兵馬
FD448	15	村上昭夫
1018B2	3	澆
104D68	2	忖
104D90	3	<剳
104D94	3	A燭
104DE0	3	懼9
104E10	3	枅?
104E14	3	-鸚
104E60	3	后h
104E78	3	{秡
104E7C	3	k限
1052C9	3	:晦
1052D5	3	撝A
1052E5	3	1磚
105B8D	7	@宗
105B95	7	暗@
105BCB	7	钁H7B
105D40	7	ハイ\n
105D48	7	イイエ\n
105D60	7	ロード
105D7E	9	 Cゆずき
105D88	7	明日香
105D90	7	春人
105D98	7	歩弓
105DA0	7	智彦
105DA8	7	御咲
105DB0	7	弥生子
105DB8	7	村上
105DC0	7	信彦
105DC8	7	雅春
105DD0	10	吉備津
105E18	7	あ
105E20	7	い
105E28	7	う
105E30	7	え
105E38	7	お
105E40	7	か
105E48	7	き
105E50	7	く
105E58	7	け
105E60	7	こ
105E68	7	さ
105E70	7	し
105E78	7	す
105E80	7	せ
105E88	7	そ
105E90	7	た
105E98	7	ち
105EA0	7	つ
105EA8	7	て
105EB0	7	と
105EB8	7	な
105EC0	7	に
105EC8	7	ぬ
105ED0	7	ね
105ED8	7	の
105EE0	7	は
105EE8	7	ひ
105EF0	7	ふ
105EF8	7	へ
105F00	7	ほ
105F08	7	ま
105F10	7	み
105F18	7	む
105F20	7	め
105F28	7	も
105F30	7	や
105F38	7	ゆ
105F40	7	よ
105F48	7	ら
105F50	7	り
105F58	7	る
105F60	7	れ
105F68	7	ろ
105F70	7	わ
105F78	7	を
105F80	7	ん
105F88	7	石元蓮
105F90	7	山童
105F98	7	きくり
105FA0	7	＿
