jp	ko	note
御景ゆずき	미카게 유즈키	0xx 주인공. 御景(みかげ). ELF엔 御影 오기도 있음
ゆずき	유즈키
神林明日香	칸바야시 아스카	유즈키의 친구, 편지를 보낸 사람
明日香	아스카
六道るい	리쿠도 루이	六道(りくどう)
草尾春人	쿠사오 하루토	1xx 주인공
春人君	하루토 군	유즈키 등이 부를 때
篠崎歩弓	시노사키 아유미	篠崎(しのさき), 媛馬신사 무녀
歩弓ちゃん	아유미	ちゃん은 이름만 부르거나 친근한 어미로 처리
石元蓮	이시모토 렌	一目連의 인간 모습
閻魔あい	엔마 아이
曽根アンナ	소네 안나	骨女의 인간 모습
不破龍堂	후와 류도	輪入道의 인간 모습
山童	야마와로
きくり	키쿠리
吉備津嵩泰	키비츠 타카야스	탐정
探偵さん	탐정님
笠間御咲	카사마 미사키	松方家 메이드
松方智彦	마츠카타 토모히코
智彦坊	토모히코 도련님
松方信彦	마츠카타 노부히코
松方弥生子	마츠카타 야요이코
松方美夜	마츠카타 미야
美夜姉	미야 누나 / 미야 언니	화자 성별에 따라
草尾雅春	쿠사오 마사하루
篠崎兵馬	시노사키 효마
篠崎鬼兵衛	시노사키 키헤이
村上昭夫	무라카미 아키오
神林勝流	칸바야시 마사루
一目連	이치모쿠렌
骨女	호네온나
輪入道	와뉴도
お嬢	아가씨	삼인방이 아이를 부를 때
媛馬村	히메우마 마을	媛馬(ひめうま)
媛馬神社	히메우마 신사
上馬	카미우마
馬守媛命	마모리히메노미코토
賽河原	사이노카와라	三途の川の賽の河原. 지명으로 쓰일 땐 사이가와라
地獄少女	지옥소녀
地獄通信	지옥통신
地獄送り	지옥 보내기	명사. 「지옥에 보내다」 동사형 허용
地獄流し	지옥 흘려보내기	「地獄へ流す」=지옥으로 흘려보내다
藁人形	짚인형
赤い糸	빨간 실
契約	계약
代償	대가
極楽浄土	극락정토
人を呪わば穴二つ	남을 저주하면 무덤이 둘	속담
いっぺん、死んでみる？	한번, 죽어 볼래?	아이의 결정 대사
この怨み、地獄へ流します。	이 원한, 지옥으로 흘려보내 드리겠습니다.	결정 대사
怨み	원한
怨み、聞き届けたり。	원한, 받아들였노라.
村長	촌장
駐在	주재 순경
麦茶	보리차
