fileid	path	pic	w	h	jp_text	ko_suggestion	style_notes	priority
553		0	320	86	地獄送りにしますか？	지옥에 보내겠습니까?	흰색 긁힌 붓글씨(호러체), 남색 불투명 배경	A
555		0	128	121	(신문 스크랩: 凄惨な犯行 / …で発見 / 恨みか)	(아이템 아이콘, 판독 극소)	128x121 아이템 썸네일, 사진 위 인쇄체	C
556		0	128	121	(책 표지: 媛馬神社の守り神 …)	(불필요)	아이템 아이콘, 표지 인쇄 극소	C
557		0	128	121	(노트 표지 극소 텍스트)	(불필요)	아이템 아이콘	C
704	0	0	128	121	(아이템 아이콘 극소 텍스트: 신문/책/노트)	(불필요)	555-557과 동일 그림의 사본	C
704	1	0	128	121	(아이템 아이콘 극소 텍스트: 신문/책/노트)	(불필요)	555-557과 동일 그림의 사본	C
704	2	0	128	121	(아이템 아이콘 극소 텍스트: 신문/책/노트)	(불필요)	555-557과 동일 그림의 사본	C
567		0	384	160	エラー / エラー！ / 受け取れません / OK	오류 / 오류! / 받을 수 없습니다 / OK	Windows XP풍 대화상자, 고딕, 빨강 "エラー！"	B
603	0	0	168	104	読込	불러오기	흰 붓글씨+검은 외곽, 격자문양 판(짝수=적색 일반, 홀수=녹색 선택); 0/1은 나비 그림 포함	A
603	1	0	168	104	読込	불러오기	흰 붓글씨+검은 외곽, 격자문양 판(짝수=적색 일반, 홀수=녹색 선택); 0/1은 나비 그림 포함	A
603	2	0	96	104	保存	저장	흰 붓글씨+검은 외곽, 격자문양 판(짝수=적색 일반, 홀수=녹색 선택); 0/1은 나비 그림 포함	A
603	3	0	96	104	保存	저장	흰 붓글씨+검은 외곽, 격자문양 판(짝수=적색 일반, 홀수=녹색 선택); 0/1은 나비 그림 포함	A
603	4	0	104	104	設定	설정	흰 붓글씨+검은 외곽, 격자문양 판(짝수=적색 일반, 홀수=녹색 선택); 0/1은 나비 그림 포함	A
603	5	0	104	104	設定	설정	흰 붓글씨+검은 외곽, 격자문양 판(짝수=적색 일반, 홀수=녹색 선택); 0/1은 나비 그림 포함	A
603	6	0	96	104	タイトル	타이틀	흰 붓글씨+검은 외곽, 격자문양 판(짝수=적색 일반, 홀수=녹색 선택); 0/1은 나비 그림 포함	A
603	7	0	96	104	タイトル	타이틀	흰 붓글씨+검은 외곽, 격자문양 판(짝수=적색 일반, 홀수=녹색 선택); 0/1은 나비 그림 포함	A
603	8	0	120	104	戻ル	돌아가기	흰 붓글씨+검은 외곽, 격자문양 판(짝수=적색 일반, 홀수=녹색 선택); 0/1은 나비 그림 포함	A
603	9	0	120	104	戻ル	돌아가기	흰 붓글씨+검은 외곽, 격자문양 판(짝수=적색 일반, 홀수=녹색 선택); 0/1은 나비 그림 포함	A
620	0	0	256	48	はじめから	처음부터	타이틀 메뉴. 흰 붓글씨+검은 그림자/광채, 투명 배경. 3상태 세트(붉은 구슬+흰 / 흰 / 붉은 구슬+주황) idx%3=0	A
620	1	0	256	48	はじめから	처음부터	타이틀 메뉴. 흰 붓글씨+검은 그림자/광채, 투명 배경. 3상태 세트(붉은 구슬+흰 / 흰 / 붉은 구슬+주황) idx%3=1	A
620	2	0	256	48	はじめから	처음부터	타이틀 메뉴. 흰 붓글씨+검은 그림자/광채, 투명 배경. 3상태 세트(붉은 구슬+흰 / 흰 / 붉은 구슬+주황) idx%3=2	A
620	3	0	256	48	つづきから	이어하기	타이틀 메뉴. 흰 붓글씨+검은 그림자/광채, 투명 배경. 3상태 세트(붉은 구슬+흰 / 흰 / 붉은 구슬+주황) idx%3=0	A
620	4	0	256	48	つづきから	이어하기	타이틀 메뉴. 흰 붓글씨+검은 그림자/광채, 투명 배경. 3상태 세트(붉은 구슬+흰 / 흰 / 붉은 구슬+주황) idx%3=1	A
620	5	0	256	48	つづきから	이어하기	타이틀 메뉴. 흰 붓글씨+검은 그림자/광채, 투명 배경. 3상태 세트(붉은 구슬+흰 / 흰 / 붉은 구슬+주황) idx%3=2	A
620	6	0	256	48	画廊	갤러리	타이틀 메뉴. 흰 붓글씨+검은 그림자/광채, 투명 배경. 3상태 세트(붉은 구슬+흰 / 흰 / 붉은 구슬+주황) idx%3=0	A
620	7	0	256	48	画廊	갤러리	타이틀 메뉴. 흰 붓글씨+검은 그림자/광채, 투명 배경. 3상태 세트(붉은 구슬+흰 / 흰 / 붉은 구슬+주황) idx%3=1	A
620	8	0	256	48	画廊	갤러리	타이틀 메뉴. 흰 붓글씨+검은 그림자/광채, 투명 배경. 3상태 세트(붉은 구슬+흰 / 흰 / 붉은 구슬+주황) idx%3=2	A
620	9	0	256	48	設定	설정	타이틀 메뉴. 흰 붓글씨+검은 그림자/광채, 투명 배경. 3상태 세트(붉은 구슬+흰 / 흰 / 붉은 구슬+주황) idx%3=0	A
620	10	0	256	48	設定	설정	타이틀 메뉴. 흰 붓글씨+검은 그림자/광채, 투명 배경. 3상태 세트(붉은 구슬+흰 / 흰 / 붉은 구슬+주황) idx%3=1	A
620	11	0	256	48	設定	설정	타이틀 메뉴. 흰 붓글씨+검은 그림자/광채, 투명 배경. 3상태 세트(붉은 구슬+흰 / 흰 / 붉은 구슬+주황) idx%3=2	A
620	12	0	256	48	おまけ	보너스	타이틀 메뉴. 흰 붓글씨+검은 그림자/광채, 투명 배경. 3상태 세트(붉은 구슬+흰 / 흰 / 붉은 구슬+주황) idx%3=0	A
620	13	0	256	48	おまけ	보너스	타이틀 메뉴. 흰 붓글씨+검은 그림자/광채, 투명 배경. 3상태 세트(붉은 구슬+흰 / 흰 / 붉은 구슬+주황) idx%3=1	A
620	14	0	256	48	おまけ	보너스	타이틀 메뉴. 흰 붓글씨+검은 그림자/광채, 투명 배경. 3상태 세트(붉은 구슬+흰 / 흰 / 붉은 구슬+주황) idx%3=2	A
620	15	0	256	48	おまけ	보너스	타이틀 메뉴. 흰 붓글씨+검은 그림자/광채, 투명 배경. 3상태 세트(붉은 구슬+흰 / 흰 / 붉은 구슬+주황) idx%3=0	A
620	16	0	256	48	おまけ	보너스	타이틀 메뉴. 흰 붓글씨+검은 그림자/광채, 투명 배경. 3상태 세트(붉은 구슬+흰 / 흰 / 붉은 구슬+주황) idx%3=1	A
620	17	0	256	48	おまけ	보너스	타이틀 메뉴. 흰 붓글씨+검은 그림자/광채, 투명 배경. 3상태 세트(붉은 구슬+흰 / 흰 / 붉은 구슬+주황) idx%3=2	A
623	0	0	96	288	御景ゆずき	미카게 유즈키	캐릭터 선택 양초: 세로쓰기 먹 붓글씨, 양초 텍스처 위. 3상태(어둠/밝음/녹아내림)	A
623	1	0	96	288	御景ゆずき	미카게 유즈키	캐릭터 선택 양초: 세로쓰기 먹 붓글씨, 양초 텍스처 위. 3상태(어둠/밝음/녹아내림)	A
623	2	0	96	288	御景ゆずき	미카게 유즈키	캐릭터 선택 양초: 세로쓰기 먹 붓글씨, 양초 텍스처 위. 3상태(어둠/밝음/녹아내림)	A
627	0	0	80	270	草尾春人	쿠사오 하루토	캐릭터 선택 양초: 세로쓰기 먹 붓글씨, 양초 텍스처 위. 3상태(어둠/밝음/녹아내림)	A
627	1	0	80	270	草尾春人	쿠사오 하루토	캐릭터 선택 양초: 세로쓰기 먹 붓글씨, 양초 텍스처 위. 3상태(어둠/밝음/녹아내림)	A
627	2	0	80	270	草尾春人	쿠사오 하루토	캐릭터 선택 양초: 세로쓰기 먹 붓글씨, 양초 텍스처 위. 3상태(어둠/밝음/녹아내림)	A
631	0	0	80	270	篠崎歩弓	시노자키 아유미	캐릭터 선택 양초: 세로쓰기 먹 붓글씨, 양초 텍스처 위. 3상태(어둠/밝음/녹아내림)	A
631	1	0	80	270	篠崎歩弓	시노자키 아유미	캐릭터 선택 양초: 세로쓰기 먹 붓글씨, 양초 텍스처 위. 3상태(어둠/밝음/녹아내림)	A
631	2	0	80	270	篠崎歩弓	시노자키 아유미	캐릭터 선택 양초: 세로쓰기 먹 붓글씨, 양초 텍스처 위. 3상태(어둠/밝음/녹아내림)	A
635	0	0	80	306	神林明日香	칸바야시 아스카	캐릭터 선택 양초: 세로쓰기 먹 붓글씨, 양초 텍스처 위. 3상태(어둠/밝음/녹아내림)	A
635	1	0	80	306	神林明日香	칸바야시 아스카	캐릭터 선택 양초: 세로쓰기 먹 붓글씨, 양초 텍스처 위. 3상태(어둠/밝음/녹아내림)	A
635	2	0	80	306	神林明日香	칸바야시 아스카	캐릭터 선택 양초: 세로쓰기 먹 붓글씨, 양초 텍스처 위. 3상태(어둠/밝음/녹아내림)	A
639	0	0	80	252	一目連	이치모쿠렌	캐릭터 선택 양초: 세로쓰기 먹 붓글씨, 양초 텍스처 위. 3상태(어둠/밝음/녹아내림)	A
639	1	0	80	252	一目連	이치모쿠렌	캐릭터 선택 양초: 세로쓰기 먹 붓글씨, 양초 텍스처 위. 3상태(어둠/밝음/녹아내림)	A
639	2	0	80	252	一目連	이치모쿠렌	캐릭터 선택 양초: 세로쓰기 먹 붓글씨, 양초 텍스처 위. 3상태(어둠/밝음/녹아내림)	A
643	0	0	80	216	戻る	돌아가기	캐릭터 선택 양초: 세로쓰기 먹 붓글씨, 양초 텍스처 위. 3상태(어둠/밝음/녹아내림)	A
643	1	0	80	216	戻る	돌아가기	캐릭터 선택 양초: 세로쓰기 먹 붓글씨, 양초 텍스처 위. 3상태(어둠/밝음/녹아내림)	A
643	2	0	80	216	戻る	돌아가기	캐릭터 선택 양초: 세로쓰기 먹 붓글씨, 양초 텍스처 위. 3상태(어둠/밝음/녹아내림)	A
649	0	0	160	80	送信	전송	지옥통신 사이트 버튼. 명조, 하늘색 발광 버튼(0/1 일반/선택)	A
649	1	0	160	80	送信	전송	지옥통신 사이트 버튼. 명조, 하늘색 발광 버튼(0/1 일반/선택)	A
649	2	0	62	37	進む	진행	지옥통신 사이트 버튼. 명조, 하늘색 발광 버튼(0/1 일반/선택)	A
649	3	0	62	36	戻る	뒤로	지옥통신 사이트 버튼. 명조, 하늘색 발광 버튼(0/1 일반/선택)	A
649	4	0	62	36	削除	삭제	지옥통신 사이트 버튼. 명조, 하늘색 발광 버튼(0/1 일반/선택)	A
649	5	0	62	37	初期化	초기화	지옥통신 사이트 버튼. 명조, 하늘색 발광 버튼(0/1 일반/선택)	A
649	6	0	62	36	決定	결정	지옥통신 사이트 버튼. 명조, 하늘색 발광 버튼(0/1 일반/선택)	A
650	0	0	245	161	ハイ	예	지옥 보내기 선택지. 흰 붓글씨 가타카나, 검은 먹번짐; 1=피튀김, 2=붉은 글자 난사(광기 연출)	A
650	1	0	245	161	ハイ	예	지옥 보내기 선택지. 흰 붓글씨 가타카나, 검은 먹번짐; 1=피튀김, 2=붉은 글자 난사(광기 연출)	A
650	2	0	245	161	ハイ	예	지옥 보내기 선택지. 흰 붓글씨 가타카나, 검은 먹번짐; 1=피튀김, 2=붉은 글자 난사(광기 연출)	A
651	0	0	251	154	イイエ	아니요	650과 세트, 동일 3상태	A
651	1	0	251	154	イイエ	아니요	650과 세트, 동일 3상태	A
651	2	0	251	154	イイエ	아니요	650과 세트, 동일 3상태	A
652	0	0	128	60	はい	예	하늘색 발광 테두리 박스; 1/2 커서 포함	A
652	1	0	128	60	はい	예	하늘색 발광 테두리 박스; 1/2 커서 포함	A
652	2	0	128	60	はい	예	하늘색 발광 테두리 박스; 1/2 커서 포함	A
653	0	0	128	60	いいえ	아니요	652와 세트	A
653	1	0	128	60	いいえ	아니요	652와 세트	A
653	2	0	128	60	いいえ	아니요	652와 세트	A
654	0	0	168	49	はい	예	격자문양 육각 판, 흰 붓글씨, 0=적/1=녹 상태쌍	A
654	1	0	168	49	はい	예	격자문양 육각 판, 흰 붓글씨, 0=적/1=녹 상태쌍	A
655	0	0	168	49	いいえ	아니요	654와 세트	A
655	1	0	168	49	いいえ	아니요	654와 세트	A
656		0	88	64	音声再生	음성 재생	노란 명조 소형, ○버튼 아이콘	A
657		0	88	64	巻き戻し	되감기	노란 명조, □버튼	A
658		0	120	29	CG表示	CG 표시	흰 명조, ○버튼	A
659		0	120	29	シーン再生	장면 재생	흰 명조, ○버튼	A
660	0	0	134	101	ゆずき	유즈키	갤러리 캐릭터 목패(세로 먹글씨). 짝수=외눈 장식 포함(선택), 홀수=일반	A
660	1	0	134	101	ゆずき	유즈키	갤러리 캐릭터 목패(세로 먹글씨). 짝수=외눈 장식 포함(선택), 홀수=일반	A
660	2	0	134	101	明日香	아스카	갤러리 캐릭터 목패(세로 먹글씨). 짝수=외눈 장식 포함(선택), 홀수=일반	A
660	3	0	134	101	明日香	아스카	갤러리 캐릭터 목패(세로 먹글씨). 짝수=외눈 장식 포함(선택), 홀수=일반	A
660	4	0	134	101	春人	하루토	갤러리 캐릭터 목패(세로 먹글씨). 짝수=외눈 장식 포함(선택), 홀수=일반	A
660	5	0	134	101	春人	하루토	갤러리 캐릭터 목패(세로 먹글씨). 짝수=외눈 장식 포함(선택), 홀수=일반	A
660	6	0	134	101	歩弓	아유미	갤러리 캐릭터 목패(세로 먹글씨). 짝수=외눈 장식 포함(선택), 홀수=일반	A
660	7	0	134	101	歩弓	아유미	갤러리 캐릭터 목패(세로 먹글씨). 짝수=외눈 장식 포함(선택), 홀수=일반	A
660	8	0	134	101	智彦	토모히코	갤러리 캐릭터 목패(세로 먹글씨). 짝수=외눈 장식 포함(선택), 홀수=일반	A
660	9	0	134	101	智彦	토모히코	갤러리 캐릭터 목패(세로 먹글씨). 짝수=외눈 장식 포함(선택), 홀수=일반	A
660	10	0	134	101	御咲	미사키	갤러리 캐릭터 목패(세로 먹글씨). 짝수=외눈 장식 포함(선택), 홀수=일반	A
660	11	0	134	101	御咲	미사키	갤러리 캐릭터 목패(세로 먹글씨). 짝수=외눈 장식 포함(선택), 홀수=일반	A
660	12	0	134	101	弥生子	야요이코	갤러리 캐릭터 목패(세로 먹글씨). 짝수=외눈 장식 포함(선택), 홀수=일반	A
660	13	0	134	101	弥生子	야요이코	갤러리 캐릭터 목패(세로 먹글씨). 짝수=외눈 장식 포함(선택), 홀수=일반	A
660	14	0	134	101	村上	무라카미	갤러리 캐릭터 목패(세로 먹글씨). 짝수=외눈 장식 포함(선택), 홀수=일반	A
660	15	0	134	101	村上	무라카미	갤러리 캐릭터 목패(세로 먹글씨). 짝수=외눈 장식 포함(선택), 홀수=일반	A
660	16	0	134	101	信彦	노부히코	갤러리 캐릭터 목패(세로 먹글씨). 짝수=외눈 장식 포함(선택), 홀수=일반	A
660	17	0	134	101	信彦	노부히코	갤러리 캐릭터 목패(세로 먹글씨). 짝수=외눈 장식 포함(선택), 홀수=일반	A
660	18	0	134	101	雅春	마사하루	갤러리 캐릭터 목패(세로 먹글씨). 짝수=외눈 장식 포함(선택), 홀수=일반	A
660	19	0	134	101	雅春	마사하루	갤러리 캐릭터 목패(세로 먹글씨). 짝수=외눈 장식 포함(선택), 홀수=일반	A
660	20	0	134	101	吉備津	키비츠	갤러리 캐릭터 목패(세로 먹글씨). 짝수=외눈 장식 포함(선택), 홀수=일반	A
660	21	0	134	101	吉備津	키비츠	갤러리 캐릭터 목패(세로 먹글씨). 짝수=외눈 장식 포함(선택), 홀수=일반	A
661	0	0	362	60	ゲーム設定	게임 설정	옵션 메뉴 항목. 흰 명조+검은 외곽, 육각 문양 띠; 3상태(일반/축소/선택+검은 장식)	A
661	1	0	352	48	ゲーム設定	게임 설정	옵션 메뉴 항목. 흰 명조+검은 외곽, 육각 문양 띠; 3상태(일반/축소/선택+검은 장식)	A
661	2	0	362	60	ゲーム設定	게임 설정	옵션 메뉴 항목. 흰 명조+검은 외곽, 육각 문양 띠; 3상태(일반/축소/선택+검은 장식)	A
661	3	0	362	60	スキップモード設定	스킵 모드 설정	옵션 메뉴 항목. 흰 명조+검은 외곽, 육각 문양 띠; 3상태(일반/축소/선택+검은 장식)	A
661	4	0	352	48	スキップモード設定	스킵 모드 설정	옵션 메뉴 항목. 흰 명조+검은 외곽, 육각 문양 띠; 3상태(일반/축소/선택+검은 장식)	A
661	5	0	362	60	スキップモード設定	스킵 모드 설정	옵션 메뉴 항목. 흰 명조+검은 외곽, 육각 문양 띠; 3상태(일반/축소/선택+검은 장식)	A
661	6	0	362	60	サウンド設定	사운드 설정	옵션 메뉴 항목. 흰 명조+검은 외곽, 육각 문양 띠; 3상태(일반/축소/선택+검은 장식)	A
661	7	0	352	48	サウンド設定	사운드 설정	옵션 메뉴 항목. 흰 명조+검은 외곽, 육각 문양 띠; 3상태(일반/축소/선택+검은 장식)	A
661	8	0	362	60	サウンド設定	사운드 설정	옵션 메뉴 항목. 흰 명조+검은 외곽, 육각 문양 띠; 3상태(일반/축소/선택+검은 장식)	A
661	9	0	362	60	音声切替	음성 전환	옵션 메뉴 항목. 흰 명조+검은 외곽, 육각 문양 띠; 3상태(일반/축소/선택+검은 장식)	A
661	10	0	352	48	音声切替	음성 전환	옵션 메뉴 항목. 흰 명조+검은 외곽, 육각 문양 띠; 3상태(일반/축소/선택+검은 장식)	A
661	11	0	362	60	音声切替	음성 전환	옵션 메뉴 항목. 흰 명조+검은 외곽, 육각 문양 띠; 3상태(일반/축소/선택+검은 장식)	A
661	12	0	362	60	操作方法	조작 방법	옵션 메뉴 항목. 흰 명조+검은 외곽, 육각 문양 띠; 3상태(일반/축소/선택+검은 장식)	A
661	13	0	352	48	操作方法	조작 방법	옵션 메뉴 항목. 흰 명조+검은 외곽, 육각 문양 띠; 3상태(일반/축소/선택+검은 장식)	A
661	14	0	362	60	操作方法	조작 방법	옵션 메뉴 항목. 흰 명조+검은 외곽, 육각 문양 띠; 3상태(일반/축소/선택+검은 장식)	A
661	15	0	362	60	設定初期化	설정 초기화	옵션 메뉴 항목. 흰 명조+검은 외곽, 육각 문양 띠; 3상태(일반/축소/선택+검은 장식)	A
661	16	0	352	48	設定初期化	설정 초기화	옵션 메뉴 항목. 흰 명조+검은 외곽, 육각 문양 띠; 3상태(일반/축소/선택+검은 장식)	A
661	17	0	362	60	設定初期化	설정 초기화	옵션 메뉴 항목. 흰 명조+검은 외곽, 육각 문양 띠; 3상태(일반/축소/선택+검은 장식)	A
662	0	0	500	80	スキップモード / 既読 強制 自動	스킵 모드 / 읽은 문장 강제 자동	옵션 슬라이더 패널, 소형 흰 명조, 육각 문양	A
662	1	0	500	80	メッセージウィンドウ / 薄 濃	메시지 창 / 연하게 진하게	옵션 슬라이더 패널, 소형 흰 명조, 육각 문양	A
662	2	0	500	80	文字表示速度 / 遅 速	글자 표시 속도 / 느림 빠름	옵션 슬라이더 패널, 소형 흰 명조, 육각 문양	A
662	3	0	483	80	振動 / ON OFF	진동 / ON OFF	옵션 슬라이더 패널, 소형 흰 명조, 육각 문양	A
663	0	0	500	120	既読モード / 遅 速 / 解除 継続	읽은 문장 모드 / 느림 빠름 / 해제 계속	스킵 설정 패널, 소형 흰 명조	A
663	1	0	500	120	強制モード / 遅 速 / 解除 継続	강제 모드 / 느림 빠름 / 해제 계속	스킵 설정 패널, 소형 흰 명조	A
663	2	0	483	120	自動モード / 遅 速 / 解除 継続	자동 모드 / 느림 빠름 / 해제 계속	스킵 설정 패널, 소형 흰 명조	A
664	0	0	500	90	BGM / 小 大	BGM / 작게 크게	사운드 슬라이더 패널	A
664	1	0	500	90	SE / 小 大	효과음 / 작게 크게	사운드 슬라이더 패널	A
664	2	0	500	90	ボイス / 小 大	보이스 / 작게 크게	사운드 슬라이더 패널	A
665	0	0	280	42	御景ゆずき 有 無	미카게 유즈키 유 무	음성 전환 항목, 흰 명조, 육각 문양 띠	A
665	1	0	280	42	神林明日香 有 無	칸바야시 아스카 유 무	음성 전환 항목, 흰 명조, 육각 문양 띠	A
665	2	0	280	42	草尾 春人 有 無	쿠사오 하루토 유 무	음성 전환 항목, 흰 명조, 육각 문양 띠	A
665	3	0	280	42	篠崎歩弓 有 無	시노자키 아유미 유 무	음성 전환 항목, 흰 명조, 육각 문양 띠	A
665	4	0	280	42	閻魔 あい 有 無	엔마 아이 유 무	음성 전환 항목, 흰 명조, 육각 문양 띠	A
665	5	0	280	42	一目連 有 無	이치모쿠렌 유 무	음성 전환 항목, 흰 명조, 육각 문양 띠	A
665	6	0	280	42	骨女 有 無	호네온나 유 무	음성 전환 항목, 흰 명조, 육각 문양 띠	A
665	7	0	280	42	輪入道 有 無	와뉴도 유 무	음성 전환 항목, 흰 명조, 육각 문양 띠	A
665	8	0	280	42	山童 有 無	야마와로 유 무	음성 전환 항목, 흰 명조, 육각 문양 띠	A
665	9	0	280	42	きくり 有 無	키쿠리 유 무	음성 전환 항목, 흰 명조, 육각 문양 띠	A
665	10	0	280	42	その他 有 無	기타 유 무	음성 전환 항목, 흰 명조, 육각 문양 띠	A
666	0	0	276	48	CG鑑賞	CG 감상	보너스 메뉴 버튼, 흰 명조+광채, 붓꽃 그림 띠; 3상태(금/청/적)	A
666	1	0	276	48	CG鑑賞	CG 감상	보너스 메뉴 버튼, 흰 명조+광채, 붓꽃 그림 띠; 3상태(금/청/적)	A
666	2	0	276	48	CG鑑賞	CG 감상	보너스 메뉴 버튼, 흰 명조+광채, 붓꽃 그림 띠; 3상태(금/청/적)	A
666	3	0	276	48	MOVIE鑑賞	MOVIE 감상	보너스 메뉴 버튼, 흰 명조+광채, 붓꽃 그림 띠; 3상태(금/청/적)	A
666	4	0	276	48	MOVIE鑑賞	MOVIE 감상	보너스 메뉴 버튼, 흰 명조+광채, 붓꽃 그림 띠; 3상태(금/청/적)	A
666	5	0	276	48	MOVIE鑑賞	MOVIE 감상	보너스 메뉴 버튼, 흰 명조+광채, 붓꽃 그림 띠; 3상태(금/청/적)	A
667	0	0	330	32	第1話　おさななじみとすることぜんぶ	제1화　소꿉친구랑 하는 건 전부	보너스 미니극장 제목. 팝 둥근고딕, 청록+흰 외곽, 하트 숫자 장식; 3상태	B
667	1	0	330	32	第1話　おさななじみとすることぜんぶ	제1화　소꿉친구랑 하는 건 전부	보너스 미니극장 제목. 팝 둥근고딕, 청록+흰 외곽, 하트 숫자 장식; 3상태	B
667	2	0	330	32	第1話　おさななじみとすることぜんぶ	제1화　소꿉친구랑 하는 건 전부	보너스 미니극장 제목. 팝 둥근고딕, 청록+흰 외곽, 하트 숫자 장식; 3상태	B
667	3	0	250	32	第2話　恐怖！媛馬村の怪！	제2화　공포! 에마 마을의 괴이!	보너스 미니극장 제목. 팝 둥근고딕, 청록+흰 외곽, 하트 숫자 장식; 3상태	B
667	4	0	250	32	第2話　恐怖！媛馬村の怪！	제2화　공포! 에마 마을의 괴이!	보너스 미니극장 제목. 팝 둥근고딕, 청록+흰 외곽, 하트 숫자 장식; 3상태	B
667	5	0	250	32	第2話　恐怖！媛馬村の怪！	제2화　공포! 에마 마을의 괴이!	보너스 미니극장 제목. 팝 둥근고딕, 청록+흰 외곽, 하트 숫자 장식; 3상태	B
667	6	0	504	32	第3話　クッキングファイト！レディーィィィ、ゴォォー！	제3화　쿠킹 파이트! 레디~~~ 고오오!	보너스 미니극장 제목. 팝 둥근고딕, 청록+흰 외곽, 하트 숫자 장식; 3상태	B
667	7	0	504	32	第3話　クッキングファイト！レディーィィィ、ゴォォー！	제3화　쿠킹 파이트! 레디~~~ 고오오!	보너스 미니극장 제목. 팝 둥근고딕, 청록+흰 외곽, 하트 숫자 장식; 3상태	B
667	8	0	504	32	第3話　クッキングファイト！レディーィィィ、ゴォォー！	제3화　쿠킹 파이트! 레디~~~ 고오오!	보너스 미니극장 제목. 팝 둥근고딕, 청록+흰 외곽, 하트 숫자 장식; 3상태	B
667	9	0	160	32	第4話　地獄麻雀	제4화　지옥 마작	보너스 미니극장 제목. 팝 둥근고딕, 청록+흰 외곽, 하트 숫자 장식; 3상태	B
667	10	0	160	32	第4話　地獄麻雀	제4화　지옥 마작	보너스 미니극장 제목. 팝 둥근고딕, 청록+흰 외곽, 하트 숫자 장식; 3상태	B
667	11	0	160	32	第4話　地獄麻雀	제4화　지옥 마작	보너스 미니극장 제목. 팝 둥근고딕, 청록+흰 외곽, 하트 숫자 장식; 3상태	B
667	12	0	260	32	第5話　ヘルガールストーリー	제5화　헬 걸 스토리	보너스 미니극장 제목. 팝 둥근고딕, 청록+흰 외곽, 하트 숫자 장식; 3상태	B
667	13	0	260	32	第5話　ヘルガールストーリー	제5화　헬 걸 스토리	보너스 미니극장 제목. 팝 둥근고딕, 청록+흰 외곽, 하트 숫자 장식; 3상태	B
667	14	0	260	32	第5話　ヘルガールストーリー	제5화　헬 걸 스토리	보너스 미니극장 제목. 팝 둥근고딕, 청록+흰 외곽, 하트 숫자 장식; 3상태	B
667	15	0	96	32	？？？？	？？？？	보너스 미니극장 제목. 팝 둥근고딕, 청록+흰 외곽, 하트 숫자 장식; 3상태	B
667	16	0	96	32	？？？？	？？？？	보너스 미니극장 제목. 팝 둥근고딕, 청록+흰 외곽, 하트 숫자 장식; 3상태	B
667	17	0	96	32	？？？？	？？？？	보너스 미니극장 제목. 팝 둥근고딕, 청록+흰 외곽, 하트 숫자 장식; 3상태	B
667	18	0	96	32	つづきから	이어하기	보너스 미니극장 제목. 팝 둥근고딕, 청록+흰 외곽, 하트 숫자 장식; 3상태	B
667	19	0	96	32	つづきから	이어하기	보너스 미니극장 제목. 팝 둥근고딕, 청록+흰 외곽, 하트 숫자 장식; 3상태	B
667	20	0	96	32	つづきから	이어하기	보너스 미니극장 제목. 팝 둥근고딕, 청록+흰 외곽, 하트 숫자 장식; 3상태	B
700	0	0	180	31	御景ゆずき	미카게 유즈키	발화자 이름판: 검은 명조, 남색 불투명 배경 180x31, 자간 넓음	A
700	2	0	180	31	神林明日香	칸바야시 아스카	발화자 이름판: 검은 명조, 남색 불투명 배경 180x31, 자간 넓음	A
700	4	0	180	31	六道るい	롯도 루이	발화자 이름판: 검은 명조, 남색 불투명 배경 180x31, 자간 넓음	A
700	6	0	180	31	草尾春人	쿠사오 하루토	발화자 이름판: 검은 명조, 남색 불투명 배경 180x31, 자간 넓음	A
700	8	0	180	31	篠崎歩弓	시노자키 아유미	발화자 이름판: 검은 명조, 남색 불투명 배경 180x31, 자간 넓음	A
700	10	0	180	31	石元蓮	이시모토 렌	발화자 이름판: 검은 명조, 남색 불투명 배경 180x31, 자간 넓음	A
700	12	0	180	31	閻魔あい	엔마 아이	발화자 이름판: 검은 명조, 남색 불투명 배경 180x31, 자간 넓음	A
700	14	0	180	31	曽根アンナ	소네 안나	발화자 이름판: 검은 명조, 남색 불투명 배경 180x31, 자간 넓음	A
700	16	0	180	31	不破龍堂	후와 류도	발화자 이름판: 검은 명조, 남색 불투명 배경 180x31, 자간 넓음	A
700	18	0	180	31	山童	야마와로	발화자 이름판: 검은 명조, 남색 불투명 배경 180x31, 자간 넓음	A
700	20	0	180	31	きくり	키쿠리	발화자 이름판: 검은 명조, 남색 불투명 배경 180x31, 자간 넓음	A
700	22	0	180	31	吉備津嵩泰	키비츠 타카야스	발화자 이름판: 검은 명조, 남색 불투명 배경 180x31, 자간 넓음	A
700	24	0	180	31	笠間御咲	카사마 미사키	발화자 이름판: 검은 명조, 남색 불투명 배경 180x31, 자간 넓음	A
700	26	0	180	31	松方智彦	마츠카타 토모히코	발화자 이름판: 검은 명조, 남색 불투명 배경 180x31, 자간 넓음	A
700	28	0	180	31	松方信彦	마츠카타 노부히코	발화자 이름판: 검은 명조, 남색 불투명 배경 180x31, 자간 넓음	A
700	30	0	180	31	松方弥生子	마츠카타 야요이코	발화자 이름판: 검은 명조, 남색 불투명 배경 180x31, 자간 넓음	A
700	32	0	180	31	松方美夜	마츠카타 미요	발화자 이름판: 검은 명조, 남색 불투명 배경 180x31, 자간 넓음	A
700	34	0	180	31	草尾雅春	쿠사오 마사하루	발화자 이름판: 검은 명조, 남색 불투명 배경 180x31, 자간 넓음	A
700	36	0	180	31	篠崎兵馬	시노자키 효마	발화자 이름판: 검은 명조, 남색 불투명 배경 180x31, 자간 넓음	A
700	38	0	180	31	村上昭夫	무라카미 아키오	발화자 이름판: 검은 명조, 남색 불투명 배경 180x31, 자간 넓음	A
700	40	0	180	31	一目連	이치모쿠렌	발화자 이름판: 검은 명조, 남색 불투명 배경 180x31, 자간 넓음	A
700	42	0	180	31	骨女	호네온나	발화자 이름판: 검은 명조, 남색 불투명 배경 180x31, 자간 넓음	A
700	44	0	180	31	輪入道	와뉴도	발화자 이름판: 검은 명조, 남색 불투명 배경 180x31, 자간 넓음	A
700	46	0	180	31	？？？	？？？	발화자 이름판: 검은 명조, 남색 불투명 배경 180x31, 자간 넓음	A
700	48	0	180	32	一同	일동	발화자 이름판: 검은 명조, 남색 불투명 배경 180x31, 자간 넓음	A
701	0	0	128	115	既読	읽음	스킵 모드 표시: 와뉴도 얼굴+불꽃 위 노란 붓글씨, 3프레임 애니	A
701	1	0	128	115	既読	읽음	스킵 모드 표시: 와뉴도 얼굴+불꽃 위 노란 붓글씨, 3프레임 애니	A
701	2	0	128	115	既読	읽음	스킵 모드 표시: 와뉴도 얼굴+불꽃 위 노란 붓글씨, 3프레임 애니	A
701	3	0	128	115	強制	강제	스킵 모드 표시: 와뉴도 얼굴+불꽃 위 노란 붓글씨, 3프레임 애니	A
701	4	0	128	115	強制	강제	스킵 모드 표시: 와뉴도 얼굴+불꽃 위 노란 붓글씨, 3프레임 애니	A
701	5	0	128	115	強制	강제	스킵 모드 표시: 와뉴도 얼굴+불꽃 위 노란 붓글씨, 3프레임 애니	A
701	6	0	128	115	自動	자동	스킵 모드 표시: 와뉴도 얼굴+불꽃 위 노란 붓글씨, 3프레임 애니	A
701	7	0	128	115	自動	자동	스킵 모드 표시: 와뉴도 얼굴+불꽃 위 노란 붓글씨, 3프레임 애니	A
701	8	0	128	115	自動	자동	스킵 모드 표시: 와뉴도 얼굴+불꽃 위 노란 붓글씨, 3프레임 애니	A
702	0	0	56	27	既読	읽음	소형 노란 붓글씨 라벨 56x27	A
702	1	0	56	27	強制	강제	소형 노란 붓글씨 라벨 56x27	A
702	2	0	56	27	自動	자동	소형 노란 붓글씨 라벨 56x27	A
720		0	270	252	地獄少女 / 澪縁	지옥소녀 / 미오요스가	로고. 청록 그라데이션+검은 외곽; 원문 유지 권장	C
750	1.0	0	160	80	送信	전송	649/0,1과 동일(사이트 전송 버튼)	A
750	1.1	0	160	80	送信	전송	649/0,1과 동일(사이트 전송 버튼)	A
751	1.0	0	464	64	(빈칸)	(빈칸)	지옥통신 이름입력 IME 애니 프레임. 회색 고딕, 하늘색 입력창, 커서+조합 점선. 한글 2벌식 조합 과정으로 재작성 권장	B
751	1.1	0	464	64	m	한글 타이핑 과정 2/20 (최종 "마츠카타 미요")	지옥통신 이름입력 IME 애니 프레임. 회색 고딕, 하늘색 입력창, 커서+조합 점선. 한글 2벌식 조합 과정으로 재작성 권장	B
751	1.2	0	464	64	ま	한글 타이핑 과정 3/20 (최종 "마츠카타 미요")	지옥통신 이름입력 IME 애니 프레임. 회색 고딕, 하늘색 입력창, 커서+조합 점선. 한글 2벌식 조합 과정으로 재작성 권장	B
751	1.3	0	464	64	まt	한글 타이핑 과정 4/20 (최종 "마츠카타 미요")	지옥통신 이름입력 IME 애니 프레임. 회색 고딕, 하늘색 입력창, 커서+조합 점선. 한글 2벌식 조합 과정으로 재작성 권장	B
751	1.4	0	464	64	まつ	한글 타이핑 과정 5/20 (최종 "마츠카타 미요")	지옥통신 이름입력 IME 애니 프레임. 회색 고딕, 하늘색 입력창, 커서+조합 점선. 한글 2벌식 조합 과정으로 재작성 권장	B
751	1.5	0	464	64	まつk	한글 타이핑 과정 6/20 (최종 "마츠카타 미요")	지옥통신 이름입력 IME 애니 프레임. 회색 고딕, 하늘색 입력창, 커서+조합 점선. 한글 2벌식 조합 과정으로 재작성 권장	B
751	1.6	0	464	64	まつか	한글 타이핑 과정 7/20 (최종 "마츠카타 미요")	지옥통신 이름입력 IME 애니 프레임. 회색 고딕, 하늘색 입력창, 커서+조합 점선. 한글 2벌식 조합 과정으로 재작성 권장	B
751	1.7	0	464	64	まつかt	한글 타이핑 과정 8/20 (최종 "마츠카타 미요")	지옥통신 이름입력 IME 애니 프레임. 회색 고딕, 하늘색 입력창, 커서+조합 점선. 한글 2벌식 조합 과정으로 재작성 권장	B
751	1.8	0	464	64	まつかた	한글 타이핑 과정 9/20 (최종 "마츠카타 미요")	지옥통신 이름입력 IME 애니 프레임. 회색 고딕, 하늘색 입력창, 커서+조합 점선. 한글 2벌식 조합 과정으로 재작성 권장	B
751	1.9	0	464	64	松方	한글 타이핑 과정 10/20 (최종 "마츠카타 미요")	지옥통신 이름입력 IME 애니 프레임. 회색 고딕, 하늘색 입력창, 커서+조합 점선. 한글 2벌식 조합 과정으로 재작성 권장	B
751	1.10	0	464	64	松方	한글 타이핑 과정 11/20 (최종 "마츠카타 미요")	지옥통신 이름입력 IME 애니 프레임. 회색 고딕, 하늘색 입력창, 커서+조합 점선. 한글 2벌식 조합 과정으로 재작성 권장	B
751	1.11	0	464	64	松方m	한글 타이핑 과정 12/20 (최종 "마츠카타 미요")	지옥통신 이름입력 IME 애니 프레임. 회색 고딕, 하늘색 입력창, 커서+조합 점선. 한글 2벌식 조합 과정으로 재작성 권장	B
751	1.12	0	464	64	松方み	한글 타이핑 과정 13/20 (최종 "마츠카타 미요")	지옥통신 이름입력 IME 애니 프레임. 회색 고딕, 하늘색 입력창, 커서+조합 점선. 한글 2벌식 조합 과정으로 재작성 권장	B
751	1.13	0	464	64	松方みy	한글 타이핑 과정 14/20 (최종 "마츠카타 미요")	지옥통신 이름입력 IME 애니 프레임. 회색 고딕, 하늘색 입력창, 커서+조합 점선. 한글 2벌식 조합 과정으로 재작성 권장	B
751	1.14	0	464	64	松方みよ	한글 타이핑 과정 15/20 (최종 "마츠카타 미요")	지옥통신 이름입력 IME 애니 프레임. 회색 고딕, 하늘색 입력창, 커서+조합 점선. 한글 2벌식 조합 과정으로 재작성 권장	B
751	1.15	0	464	64	松方見よ	한글 타이핑 과정 16/20 (최종 "마츠카타 미요")	지옥통신 이름입력 IME 애니 프레임. 회색 고딕, 하늘색 입력창, 커서+조합 점선. 한글 2벌식 조합 과정으로 재작성 권장	B
751	1.16	0	464	64	松方美代	한글 타이핑 과정 17/20 (최종 "마츠카타 미요")	지옥통신 이름입력 IME 애니 프레임. 회색 고딕, 하늘색 입력창, 커서+조합 점선. 한글 2벌식 조합 과정으로 재작성 권장	B
751	1.17	0	464	64	松方美夜	한글 타이핑 과정 18/20 (최종 "마츠카타 미요")	지옥통신 이름입력 IME 애니 프레임. 회색 고딕, 하늘색 입력창, 커서+조합 점선. 한글 2벌식 조합 과정으로 재작성 권장	B
751	1.18	0	464	64	松方美夜	한글 타이핑 과정 19/20 (최종 "마츠카타 미요")	지옥통신 이름입력 IME 애니 프레임. 회색 고딕, 하늘색 입력창, 커서+조합 점선. 한글 2벌식 조합 과정으로 재작성 권장	B
751	1.19	0	464	64	松方美夜	한글 타이핑 과정 20/20 (최종 "마츠카타 미요")	지옥통신 이름입력 IME 애니 프레임. 회색 고딕, 하늘색 입력창, 커서+조합 점선. 한글 2벌식 조합 과정으로 재작성 권장	B
752	1.0	0	464	64	(빈칸)	(빈칸)	지옥통신 이름입력 IME 애니 프레임. 회색 고딕, 하늘색 입력창, 커서+조합 점선. 한글 2벌식 조합 과정으로 재작성 권장	B
752	1.1	0	464	64	(빈칸)	(빈칸)	지옥통신 이름입력 IME 애니 프레임. 회색 고딕, 하늘색 입력창, 커서+조합 점선. 한글 2벌식 조합 과정으로 재작성 권장	B
752	1.2	0	464	64	k	한글 타이핑 과정 3/23 (최종 "칸바야시 아스카")	지옥통신 이름입력 IME 애니 프레임. 회색 고딕, 하늘색 입력창, 커서+조합 점선. 한글 2벌식 조합 과정으로 재작성 권장	B
752	1.3	0	464	64	か	한글 타이핑 과정 4/23 (최종 "칸바야시 아스카")	지옥통신 이름입력 IME 애니 프레임. 회색 고딕, 하늘색 입력창, 커서+조합 점선. 한글 2벌식 조합 과정으로 재작성 권장	B
752	1.4	0	464	64	かn	한글 타이핑 과정 5/23 (최종 "칸바야시 아스카")	지옥통신 이름입력 IME 애니 프레임. 회색 고딕, 하늘색 입력창, 커서+조합 점선. 한글 2벌식 조합 과정으로 재작성 권장	B
752	1.5	0	464	64	かんb	한글 타이핑 과정 6/23 (최종 "칸바야시 아스카")	지옥통신 이름입력 IME 애니 프레임. 회색 고딕, 하늘색 입력창, 커서+조합 점선. 한글 2벌식 조합 과정으로 재작성 권장	B
752	1.6	0	464	64	かんば	한글 타이핑 과정 7/23 (최종 "칸바야시 아스카")	지옥통신 이름입력 IME 애니 프레임. 회색 고딕, 하늘색 입력창, 커서+조합 점선. 한글 2벌식 조합 과정으로 재작성 권장	B
752	1.7	0	464	64	かんばy	한글 타이핑 과정 8/23 (최종 "칸바야시 아스카")	지옥통신 이름입력 IME 애니 프레임. 회색 고딕, 하늘색 입력창, 커서+조합 점선. 한글 2벌식 조합 과정으로 재작성 권장	B
752	1.8	0	464	64	かんばや	한글 타이핑 과정 9/23 (최종 "칸바야시 아스카")	지옥통신 이름입력 IME 애니 프레임. 회색 고딕, 하늘색 입력창, 커서+조합 점선. 한글 2벌식 조합 과정으로 재작성 권장	B
752	1.9	0	464	64	かんばやs	한글 타이핑 과정 10/23 (최종 "칸바야시 아스카")	지옥통신 이름입력 IME 애니 프레임. 회색 고딕, 하늘색 입력창, 커서+조합 점선. 한글 2벌식 조합 과정으로 재작성 권장	B
752	1.10	0	464	64	かんばやし	한글 타이핑 과정 11/23 (최종 "칸바야시 아스카")	지옥통신 이름입력 IME 애니 프레임. 회색 고딕, 하늘색 입력창, 커서+조합 점선. 한글 2벌식 조합 과정으로 재작성 권장	B
752	1.11	0	464	64	神林	한글 타이핑 과정 12/23 (최종 "칸바야시 아스카")	지옥통신 이름입력 IME 애니 프레임. 회색 고딕, 하늘색 입력창, 커서+조합 점선. 한글 2벌식 조합 과정으로 재작성 권장	B
752	1.12	0	464	64	神林	한글 타이핑 과정 13/23 (최종 "칸바야시 아스카")	지옥통신 이름입력 IME 애니 프레임. 회색 고딕, 하늘색 입력창, 커서+조합 점선. 한글 2벌식 조합 과정으로 재작성 권장	B
752	1.13	0	464	64	神林あ	한글 타이핑 과정 14/23 (최종 "칸바야시 아스카")	지옥통신 이름입력 IME 애니 프레임. 회색 고딕, 하늘색 입력창, 커서+조합 점선. 한글 2벌식 조합 과정으로 재작성 권장	B
752	1.14	0	464	64	神林あs	한글 타이핑 과정 15/23 (최종 "칸바야시 아스카")	지옥통신 이름입력 IME 애니 프레임. 회색 고딕, 하늘색 입력창, 커서+조합 점선. 한글 2벌식 조합 과정으로 재작성 권장	B
752	1.15	0	464	64	神林あす	한글 타이핑 과정 16/23 (최종 "칸바야시 아스카")	지옥통신 이름입력 IME 애니 프레임. 회색 고딕, 하늘색 입력창, 커서+조합 점선. 한글 2벌식 조합 과정으로 재작성 권장	B
752	1.16	0	464	64	神林あすk	한글 타이핑 과정 17/23 (최종 "칸바야시 아스카")	지옥통신 이름입력 IME 애니 프레임. 회색 고딕, 하늘색 입력창, 커서+조합 점선. 한글 2벌식 조합 과정으로 재작성 권장	B
752	1.17	0	464	64	神林あすか	한글 타이핑 과정 18/23 (최종 "칸바야시 아스카")	지옥통신 이름입력 IME 애니 프레임. 회색 고딕, 하늘색 입력창, 커서+조합 점선. 한글 2벌식 조합 과정으로 재작성 권장	B
752	1.18	0	464	64	神林飛鳥	한글 타이핑 과정 19/23 (최종 "칸바야시 아스카")	지옥통신 이름입력 IME 애니 프레임. 회색 고딕, 하늘색 입력창, 커서+조합 점선. 한글 2벌식 조합 과정으로 재작성 권장	B
752	1.19	0	464	64	神林明日か	한글 타이핑 과정 20/23 (최종 "칸바야시 아스카")	지옥통신 이름입력 IME 애니 프레임. 회색 고딕, 하늘색 입력창, 커서+조합 점선. 한글 2벌식 조합 과정으로 재작성 권장	B
752	1.20	0	464	64	神林明日香	한글 타이핑 과정 21/23 (최종 "칸바야시 아스카")	지옥통신 이름입력 IME 애니 프레임. 회색 고딕, 하늘색 입력창, 커서+조합 점선. 한글 2벌식 조합 과정으로 재작성 권장	B
752	1.21	0	464	64	神林明日香	한글 타이핑 과정 22/23 (최종 "칸바야시 아스카")	지옥통신 이름입력 IME 애니 프레임. 회색 고딕, 하늘색 입력창, 커서+조합 점선. 한글 2벌식 조합 과정으로 재작성 권장	B
752	1.22	0	464	64	神林明日香	한글 타이핑 과정 23/23 (최종 "칸바야시 아스카")	지옥통신 이름입력 IME 애니 프레임. 회색 고딕, 하늘색 입력창, 커서+조합 점선. 한글 2벌식 조합 과정으로 재작성 권장	B
753	1.0	0	464	64	(빈칸)	(빈칸)	지옥통신 이름입력 IME 애니 프레임. 회색 고딕, 하늘색 입력창, 커서+조합 점선. 한글 2벌식 조합 과정으로 재작성 권장	B
753	1.1	0	464	64	k	한글 타이핑 과정 2/17 (최종 "쿠사오 하루토")	지옥통신 이름입력 IME 애니 프레임. 회색 고딕, 하늘색 입력창, 커서+조합 점선. 한글 2벌식 조합 과정으로 재작성 권장	B
753	1.2	0	464	64	く	한글 타이핑 과정 3/17 (최종 "쿠사오 하루토")	지옥통신 이름입력 IME 애니 프레임. 회색 고딕, 하늘색 입력창, 커서+조합 점선. 한글 2벌식 조합 과정으로 재작성 권장	B
753	1.3	0	464	64	くs	한글 타이핑 과정 4/17 (최종 "쿠사오 하루토")	지옥통신 이름입력 IME 애니 프레임. 회색 고딕, 하늘색 입력창, 커서+조합 점선. 한글 2벌식 조합 과정으로 재작성 권장	B
753	1.4	0	464	64	くさ	한글 타이핑 과정 5/17 (최종 "쿠사오 하루토")	지옥통신 이름입력 IME 애니 프레임. 회색 고딕, 하늘색 입력창, 커서+조합 점선. 한글 2벌식 조합 과정으로 재작성 권장	B
753	1.5	0	464	64	くさお	한글 타이핑 과정 6/17 (최종 "쿠사오 하루토")	지옥통신 이름입력 IME 애니 프레임. 회색 고딕, 하늘색 입력창, 커서+조합 점선. 한글 2벌식 조합 과정으로 재작성 권장	B
753	1.6	0	464	64	草尾	한글 타이핑 과정 7/17 (최종 "쿠사오 하루토")	지옥통신 이름입력 IME 애니 프레임. 회색 고딕, 하늘색 입력창, 커서+조합 점선. 한글 2벌식 조합 과정으로 재작성 권장	B
753	1.7	0	464	64	草尾	한글 타이핑 과정 8/17 (최종 "쿠사오 하루토")	지옥통신 이름입력 IME 애니 프레임. 회색 고딕, 하늘색 입력창, 커서+조합 점선. 한글 2벌식 조합 과정으로 재작성 권장	B
753	1.8	0	464	64	草尾h	한글 타이핑 과정 9/17 (최종 "쿠사오 하루토")	지옥통신 이름입력 IME 애니 프레임. 회색 고딕, 하늘색 입력창, 커서+조합 점선. 한글 2벌식 조합 과정으로 재작성 권장	B
753	1.9	0	464	64	草尾は	한글 타이핑 과정 10/17 (최종 "쿠사오 하루토")	지옥통신 이름입력 IME 애니 프레임. 회색 고딕, 하늘색 입력창, 커서+조합 점선. 한글 2벌식 조합 과정으로 재작성 권장	B
753	1.10	0	464	64	草尾はr	한글 타이핑 과정 11/17 (최종 "쿠사오 하루토")	지옥통신 이름입력 IME 애니 프레임. 회색 고딕, 하늘색 입력창, 커서+조합 점선. 한글 2벌식 조합 과정으로 재작성 권장	B
753	1.11	0	464	64	草尾はる	한글 타이핑 과정 12/17 (최종 "쿠사오 하루토")	지옥통신 이름입력 IME 애니 프레임. 회색 고딕, 하늘색 입력창, 커서+조합 점선. 한글 2벌식 조합 과정으로 재작성 권장	B
753	1.12	0	464	64	草尾はるt	한글 타이핑 과정 13/17 (최종 "쿠사오 하루토")	지옥통신 이름입력 IME 애니 프레임. 회색 고딕, 하늘색 입력창, 커서+조합 점선. 한글 2벌식 조합 과정으로 재작성 권장	B
753	1.13	0	464	64	草尾はると	한글 타이핑 과정 14/17 (최종 "쿠사오 하루토")	지옥통신 이름입력 IME 애니 프레임. 회색 고딕, 하늘색 입력창, 커서+조합 점선. 한글 2벌식 조합 과정으로 재작성 권장	B
753	1.14	0	464	64	草尾春人	한글 타이핑 과정 15/17 (최종 "쿠사오 하루토")	지옥통신 이름입력 IME 애니 프레임. 회색 고딕, 하늘색 입력창, 커서+조합 점선. 한글 2벌식 조합 과정으로 재작성 권장	B
753	1.15	0	464	64	草尾春人	한글 타이핑 과정 16/17 (최종 "쿠사오 하루토")	지옥통신 이름입력 IME 애니 프레임. 회색 고딕, 하늘색 입력창, 커서+조합 점선. 한글 2벌식 조합 과정으로 재작성 권장	B
753	1.16	0	464	64	草尾春人	한글 타이핑 과정 17/17 (최종 "쿠사오 하루토")	지옥통신 이름입력 IME 애니 프레임. 회색 고딕, 하늘색 입력창, 커서+조합 점선. 한글 2벌식 조합 과정으로 재작성 권장	B
754	1.0	0	464	64	(빈칸)	(빈칸)	지옥통신 이름입력 IME 애니 프레임. 회색 고딕, 하늘색 입력창, 커서+조합 점선. 한글 2벌식 조합 과정으로 재작성 권장	B
754	1.1	0	464	64	s	한글 타이핑 과정 2/22 (최종 "시노자키 아유미")	지옥통신 이름입력 IME 애니 프레임. 회색 고딕, 하늘색 입력창, 커서+조합 점선. 한글 2벌식 조합 과정으로 재작성 권장	B
754	1.2	0	464	64	し	한글 타이핑 과정 3/22 (최종 "시노자키 아유미")	지옥통신 이름입력 IME 애니 프레임. 회색 고딕, 하늘색 입력창, 커서+조합 점선. 한글 2벌식 조합 과정으로 재작성 권장	B
754	1.3	0	464	64	しn	한글 타이핑 과정 4/22 (최종 "시노자키 아유미")	지옥통신 이름입력 IME 애니 프레임. 회색 고딕, 하늘색 입력창, 커서+조합 점선. 한글 2벌식 조합 과정으로 재작성 권장	B
754	1.4	0	464	64	しの	한글 타이핑 과정 5/22 (최종 "시노자키 아유미")	지옥통신 이름입력 IME 애니 프레임. 회색 고딕, 하늘색 입력창, 커서+조합 점선. 한글 2벌식 조합 과정으로 재작성 권장	B
754	1.5	0	464	64	しのs	한글 타이핑 과정 6/22 (최종 "시노자키 아유미")	지옥통신 이름입력 IME 애니 프레임. 회색 고딕, 하늘색 입력창, 커서+조합 점선. 한글 2벌식 조합 과정으로 재작성 권장	B
754	1.6	0	464	64	しのさ	한글 타이핑 과정 7/22 (최종 "시노자키 아유미")	지옥통신 이름입력 IME 애니 프레임. 회색 고딕, 하늘색 입력창, 커서+조합 점선. 한글 2벌식 조합 과정으로 재작성 권장	B
754	1.7	0	464	64	しのさk	한글 타이핑 과정 8/22 (최종 "시노자키 아유미")	지옥통신 이름입력 IME 애니 프레임. 회색 고딕, 하늘색 입력창, 커서+조합 점선. 한글 2벌식 조합 과정으로 재작성 권장	B
754	1.8	0	464	64	しのさき	한글 타이핑 과정 9/22 (최종 "시노자키 아유미")	지옥통신 이름입력 IME 애니 프레임. 회색 고딕, 하늘색 입력창, 커서+조합 점선. 한글 2벌식 조합 과정으로 재작성 권장	B
754	1.9	0	464	64	篠崎	한글 타이핑 과정 10/22 (최종 "시노자키 아유미")	지옥통신 이름입력 IME 애니 프레임. 회색 고딕, 하늘색 입력창, 커서+조합 점선. 한글 2벌식 조합 과정으로 재작성 권장	B
754	1.10	0	464	64	篠崎	한글 타이핑 과정 11/22 (최종 "시노자키 아유미")	지옥통신 이름입력 IME 애니 프레임. 회색 고딕, 하늘색 입력창, 커서+조합 점선. 한글 2벌식 조합 과정으로 재작성 권장	B
754	1.11	0	464	64	篠崎あ	한글 타이핑 과정 12/22 (최종 "시노자키 아유미")	지옥통신 이름입력 IME 애니 프레임. 회색 고딕, 하늘색 입력창, 커서+조합 점선. 한글 2벌식 조합 과정으로 재작성 권장	B
754	1.12	0	464	64	篠崎あy	한글 타이핑 과정 13/22 (최종 "시노자키 아유미")	지옥통신 이름입력 IME 애니 프레임. 회색 고딕, 하늘색 입력창, 커서+조합 점선. 한글 2벌식 조합 과정으로 재작성 권장	B
754	1.13	0	464	64	篠崎あゆ	한글 타이핑 과정 14/22 (최종 "시노자키 아유미")	지옥통신 이름입력 IME 애니 프레임. 회색 고딕, 하늘색 입력창, 커서+조합 점선. 한글 2벌식 조합 과정으로 재작성 권장	B
754	1.14	0	464	64	篠崎あゆm	한글 타이핑 과정 15/22 (최종 "시노자키 아유미")	지옥통신 이름입력 IME 애니 프레임. 회색 고딕, 하늘색 입력창, 커서+조합 점선. 한글 2벌식 조합 과정으로 재작성 권장	B
754	1.15	0	464	64	篠崎あゆみ	한글 타이핑 과정 16/22 (최종 "시노자키 아유미")	지옥통신 이름입력 IME 애니 프레임. 회색 고딕, 하늘색 입력창, 커서+조합 점선. 한글 2벌식 조합 과정으로 재작성 권장	B
754	1.16	0	464	64	篠崎歩	한글 타이핑 과정 17/22 (최종 "시노자키 아유미")	지옥통신 이름입력 IME 애니 프레임. 회색 고딕, 하늘색 입력창, 커서+조합 점선. 한글 2벌식 조합 과정으로 재작성 권장	B
754	1.17	0	464	64	篠崎歩み	한글 타이핑 과정 18/22 (최종 "시노자키 아유미")	지옥통신 이름입력 IME 애니 프레임. 회색 고딕, 하늘색 입력창, 커서+조합 점선. 한글 2벌식 조합 과정으로 재작성 권장	B
754	1.18	0	464	64	篠崎歩美	한글 타이핑 과정 19/22 (최종 "시노자키 아유미")	지옥통신 이름입력 IME 애니 프레임. 회색 고딕, 하늘색 입력창, 커서+조합 점선. 한글 2벌식 조합 과정으로 재작성 권장	B
754	1.19	0	464	64	篠崎歩弓	한글 타이핑 과정 20/22 (최종 "시노자키 아유미")	지옥통신 이름입력 IME 애니 프레임. 회색 고딕, 하늘색 입력창, 커서+조합 점선. 한글 2벌식 조합 과정으로 재작성 권장	B
754	1.20	0	464	64	篠崎歩弓	한글 타이핑 과정 21/22 (최종 "시노자키 아유미")	지옥통신 이름입력 IME 애니 프레임. 회색 고딕, 하늘색 입력창, 커서+조합 점선. 한글 2벌식 조합 과정으로 재작성 권장	B
754	1.21	0	464	64	篠崎歩弓	한글 타이핑 과정 22/22 (최종 "시노자키 아유미")	지옥통신 이름입력 IME 애니 프레임. 회색 고딕, 하늘색 입력창, 커서+조합 점선. 한글 2벌식 조합 과정으로 재작성 권장	B
755	1.0	0	464	64	(빈칸)	(빈칸)	지옥통신 이름입력 IME 애니 프레임. 회색 고딕, 하늘색 입력창, 커서+조합 점선. 한글 2벌식 조합 과정으로 재작성 권장	B
755	1.1	0	464	64	m	한글 타이핑 과정 2/22 (최종 "마츠카타 노부히코")	지옥통신 이름입력 IME 애니 프레임. 회색 고딕, 하늘색 입력창, 커서+조합 점선. 한글 2벌식 조합 과정으로 재작성 권장	B
755	1.2	0	464	64	ま	한글 타이핑 과정 3/22 (최종 "마츠카타 노부히코")	지옥통신 이름입력 IME 애니 프레임. 회색 고딕, 하늘색 입력창, 커서+조합 점선. 한글 2벌식 조합 과정으로 재작성 권장	B
755	1.3	0	464	64	まt	한글 타이핑 과정 4/22 (최종 "마츠카타 노부히코")	지옥통신 이름입력 IME 애니 프레임. 회색 고딕, 하늘색 입력창, 커서+조합 점선. 한글 2벌식 조합 과정으로 재작성 권장	B
755	1.4	0	464	64	まつ	한글 타이핑 과정 5/22 (최종 "마츠카타 노부히코")	지옥통신 이름입력 IME 애니 프레임. 회색 고딕, 하늘색 입력창, 커서+조합 점선. 한글 2벌식 조합 과정으로 재작성 권장	B
755	1.5	0	464	64	まつk	한글 타이핑 과정 6/22 (최종 "마츠카타 노부히코")	지옥통신 이름입력 IME 애니 프레임. 회색 고딕, 하늘색 입력창, 커서+조합 점선. 한글 2벌식 조합 과정으로 재작성 권장	B
755	1.6	0	464	64	まつか	한글 타이핑 과정 7/22 (최종 "마츠카타 노부히코")	지옥통신 이름입력 IME 애니 프레임. 회색 고딕, 하늘색 입력창, 커서+조합 점선. 한글 2벌식 조합 과정으로 재작성 권장	B
755	1.7	0	464	64	まつかt	한글 타이핑 과정 8/22 (최종 "마츠카타 노부히코")	지옥통신 이름입력 IME 애니 프레임. 회색 고딕, 하늘색 입력창, 커서+조합 점선. 한글 2벌식 조합 과정으로 재작성 권장	B
755	1.8	0	464	64	まつかた	한글 타이핑 과정 9/22 (최종 "마츠카타 노부히코")	지옥통신 이름입력 IME 애니 프레임. 회색 고딕, 하늘색 입력창, 커서+조합 점선. 한글 2벌식 조합 과정으로 재작성 권장	B
755	1.9	0	464	64	松方	한글 타이핑 과정 10/22 (최종 "마츠카타 노부히코")	지옥통신 이름입력 IME 애니 프레임. 회색 고딕, 하늘색 입력창, 커서+조합 점선. 한글 2벌식 조합 과정으로 재작성 권장	B
755	1.10	0	464	64	松方	한글 타이핑 과정 11/22 (최종 "마츠카타 노부히코")	지옥통신 이름입력 IME 애니 프레임. 회색 고딕, 하늘색 입력창, 커서+조합 점선. 한글 2벌식 조합 과정으로 재작성 권장	B
755	1.11	0	464	64	松方n	한글 타이핑 과정 12/22 (최종 "마츠카타 노부히코")	지옥통신 이름입력 IME 애니 프레임. 회색 고딕, 하늘색 입력창, 커서+조합 점선. 한글 2벌식 조합 과정으로 재작성 권장	B
755	1.12	0	464	64	松方の	한글 타이핑 과정 13/22 (최종 "마츠카타 노부히코")	지옥통신 이름입력 IME 애니 프레임. 회색 고딕, 하늘색 입력창, 커서+조합 점선. 한글 2벌식 조합 과정으로 재작성 권장	B
755	1.13	0	464	64	松方のb	한글 타이핑 과정 14/22 (최종 "마츠카타 노부히코")	지옥통신 이름입력 IME 애니 프레임. 회색 고딕, 하늘색 입력창, 커서+조합 점선. 한글 2벌식 조합 과정으로 재작성 권장	B
755	1.14	0	464	64	松方のぶ	한글 타이핑 과정 15/22 (최종 "마츠카타 노부히코")	지옥통신 이름입력 IME 애니 프레임. 회색 고딕, 하늘색 입력창, 커서+조합 점선. 한글 2벌식 조합 과정으로 재작성 권장	B
755	1.15	0	464	64	松方のぶh	한글 타이핑 과정 16/22 (최종 "마츠카타 노부히코")	지옥통신 이름입력 IME 애니 프레임. 회색 고딕, 하늘색 입력창, 커서+조합 점선. 한글 2벌식 조합 과정으로 재작성 권장	B
755	1.16	0	464	64	松方のぶひ	한글 타이핑 과정 17/22 (최종 "마츠카타 노부히코")	지옥통신 이름입력 IME 애니 프레임. 회색 고딕, 하늘색 입력창, 커서+조합 점선. 한글 2벌식 조합 과정으로 재작성 권장	B
755	1.17	0	464	64	松方のぶひk	한글 타이핑 과정 18/22 (최종 "마츠카타 노부히코")	지옥통신 이름입력 IME 애니 프레임. 회색 고딕, 하늘색 입력창, 커서+조합 점선. 한글 2벌식 조합 과정으로 재작성 권장	B
755	1.18	0	464	64	松方のぶひこ	한글 타이핑 과정 19/22 (최종 "마츠카타 노부히코")	지옥통신 이름입력 IME 애니 프레임. 회색 고딕, 하늘색 입력창, 커서+조합 점선. 한글 2벌식 조합 과정으로 재작성 권장	B
755	1.19	0	464	64	松方信彦	한글 타이핑 과정 20/22 (최종 "마츠카타 노부히코")	지옥통신 이름입력 IME 애니 프레임. 회색 고딕, 하늘색 입력창, 커서+조합 점선. 한글 2벌식 조합 과정으로 재작성 권장	B
755	1.20	0	464	64	松方信彦	한글 타이핑 과정 21/22 (최종 "마츠카타 노부히코")	지옥통신 이름입력 IME 애니 프레임. 회색 고딕, 하늘색 입력창, 커서+조합 점선. 한글 2벌식 조합 과정으로 재작성 권장	B
755	1.21	0	464	64	松方信彦	한글 타이핑 과정 22/22 (최종 "마츠카타 노부히코")	지옥통신 이름입력 IME 애니 프레임. 회색 고딕, 하늘색 입력창, 커서+조합 점선. 한글 2벌식 조합 과정으로 재작성 권장	B
756	1.0	0	464	64	(빈칸)	(빈칸)	지옥통신 이름입력 IME 애니 프레임. 회색 고딕, 하늘색 입력창, 커서+조합 점선. 한글 2벌식 조합 과정으로 재작성 권장	B
756	1.1	0	464	64	k	한글 타이핑 과정 2/20 (최종 "쿠사오 마사하루")	지옥통신 이름입력 IME 애니 프레임. 회색 고딕, 하늘색 입력창, 커서+조합 점선. 한글 2벌식 조합 과정으로 재작성 권장	B
756	1.2	0	464	64	く	한글 타이핑 과정 3/20 (최종 "쿠사오 마사하루")	지옥통신 이름입력 IME 애니 프레임. 회색 고딕, 하늘색 입력창, 커서+조합 점선. 한글 2벌식 조합 과정으로 재작성 권장	B
756	1.3	0	464	64	くs	한글 타이핑 과정 4/20 (최종 "쿠사오 마사하루")	지옥통신 이름입력 IME 애니 프레임. 회색 고딕, 하늘색 입력창, 커서+조합 점선. 한글 2벌식 조합 과정으로 재작성 권장	B
756	1.4	0	464	64	くさ	한글 타이핑 과정 5/20 (최종 "쿠사오 마사하루")	지옥통신 이름입력 IME 애니 프레임. 회색 고딕, 하늘색 입력창, 커서+조합 점선. 한글 2벌식 조합 과정으로 재작성 권장	B
756	1.5	0	464	64	くさお	한글 타이핑 과정 6/20 (최종 "쿠사오 마사하루")	지옥통신 이름입력 IME 애니 프레임. 회색 고딕, 하늘색 입력창, 커서+조합 점선. 한글 2벌식 조합 과정으로 재작성 권장	B
756	1.6	0	464	64	草尾	한글 타이핑 과정 7/20 (최종 "쿠사오 마사하루")	지옥통신 이름입력 IME 애니 프레임. 회색 고딕, 하늘색 입력창, 커서+조합 점선. 한글 2벌식 조합 과정으로 재작성 권장	B
756	1.7	0	464	64	草尾	한글 타이핑 과정 8/20 (최종 "쿠사오 마사하루")	지옥통신 이름입력 IME 애니 프레임. 회색 고딕, 하늘색 입력창, 커서+조합 점선. 한글 2벌식 조합 과정으로 재작성 권장	B
756	1.8	0	464	64	草尾m	한글 타이핑 과정 9/20 (최종 "쿠사오 마사하루")	지옥통신 이름입력 IME 애니 프레임. 회색 고딕, 하늘색 입력창, 커서+조합 점선. 한글 2벌식 조합 과정으로 재작성 권장	B
756	1.9	0	464	64	草尾ま	한글 타이핑 과정 10/20 (최종 "쿠사오 마사하루")	지옥통신 이름입력 IME 애니 프레임. 회색 고딕, 하늘색 입력창, 커서+조합 점선. 한글 2벌식 조합 과정으로 재작성 권장	B
756	1.10	0	464	64	草尾まs	한글 타이핑 과정 11/20 (최종 "쿠사오 마사하루")	지옥통신 이름입력 IME 애니 프레임. 회색 고딕, 하늘색 입력창, 커서+조합 점선. 한글 2벌식 조합 과정으로 재작성 권장	B
756	1.11	0	464	64	草尾まさ	한글 타이핑 과정 12/20 (최종 "쿠사오 마사하루")	지옥통신 이름입력 IME 애니 프레임. 회색 고딕, 하늘색 입력창, 커서+조합 점선. 한글 2벌식 조합 과정으로 재작성 권장	B
756	1.12	0	464	64	草尾まさh	한글 타이핑 과정 13/20 (최종 "쿠사오 마사하루")	지옥통신 이름입력 IME 애니 프레임. 회색 고딕, 하늘색 입력창, 커서+조합 점선. 한글 2벌식 조합 과정으로 재작성 권장	B
756	1.13	0	464	64	草尾まさは	한글 타이핑 과정 14/20 (최종 "쿠사오 마사하루")	지옥통신 이름입력 IME 애니 프레임. 회색 고딕, 하늘색 입력창, 커서+조합 점선. 한글 2벌식 조합 과정으로 재작성 권장	B
756	1.14	0	464	64	草尾まさはr	한글 타이핑 과정 15/20 (최종 "쿠사오 마사하루")	지옥통신 이름입력 IME 애니 프레임. 회색 고딕, 하늘색 입력창, 커서+조합 점선. 한글 2벌식 조합 과정으로 재작성 권장	B
756	1.15	0	464	64	草尾まさはる	한글 타이핑 과정 16/20 (최종 "쿠사오 마사하루")	지옥통신 이름입력 IME 애니 프레임. 회색 고딕, 하늘색 입력창, 커서+조합 점선. 한글 2벌식 조합 과정으로 재작성 권장	B
756	1.16	0	464	64	草尾政春	한글 타이핑 과정 17/20 (최종 "쿠사오 마사하루")	지옥통신 이름입력 IME 애니 프레임. 회색 고딕, 하늘색 입력창, 커서+조합 점선. 한글 2벌식 조합 과정으로 재작성 권장	B
756	1.17	0	464	64	草尾雅春	한글 타이핑 과정 18/20 (최종 "쿠사오 마사하루")	지옥통신 이름입력 IME 애니 프레임. 회색 고딕, 하늘색 입력창, 커서+조합 점선. 한글 2벌식 조합 과정으로 재작성 권장	B
756	1.18	0	464	64	草尾雅春	한글 타이핑 과정 19/20 (최종 "쿠사오 마사하루")	지옥통신 이름입력 IME 애니 프레임. 회색 고딕, 하늘색 입력창, 커서+조합 점선. 한글 2벌식 조합 과정으로 재작성 권장	B
756	1.19	0	464	64	草尾雅春	한글 타이핑 과정 20/20 (최종 "쿠사오 마사하루")	지옥통신 이름입력 IME 애니 프레임. 회색 고딕, 하늘색 입력창, 커서+조합 점선. 한글 2벌식 조합 과정으로 재작성 권장	B
362		0	640	448	あなたの怨み、晴らします。	당신의 원한, 풀어드립니다.	지옥통신 사이트. 흰 명조+약한 광채, 짙은 청록 배경	B
372		0	640	448	あなたの怨み、晴らします。 / 送信	당신의 원한, 풀어드립니다. / 전송	동상(모니터 프레임 포함)	B
374		0	640	448	あなたの怨み、晴らします。 / 送信	당신의 원한, 풀어드립니다. / 전송	동상	B
725		0	640	448	あなたの怨み、晴らします。 / 送信 / 進む 戻る 削除 初期化 決定	당신의 원한, 풀어드립니다. / 전송 / 진행 뒤로 삭제 초기화 결정	이름 입력 화면 배경. 명조, 청록 발광	A
726		0	640	448	対象者 / 殺ス？ / 死ね(배경 반복) / スタート / 地獄送りシ… / あ 般	대상자 / 죽일래? / 죽어(배경 반복) / 시작 / 지옥 보내기 시…	가짜 윈도우 화면. 중앙 흰 명조; "死ね" 반복 패턴이 사진과 합성(패턴 교체는 고난도)	B
400		0	640	448	媛馬村 (붉은 낙관)	에마 마을	항공사진 위 붉은 세로 도장체, 이치모쿠렌 그림	B
727		0	640	448	媛馬村 (붉은 낙관) + 좌하단 소형 문자	에마 마을	400의 변형; 좌하단 작은 텍스트 판독 필요	B
450		0	640	448	神林明日香	칸바야시 아스카	지옥 보내기 대상 타이틀카드: 흰 긁힌 붓글씨가 인물 그림·핏자국·배경문자와 겹침(재페인팅 필요)	B
451		0	640	448	草尾春人	쿠사오 하루토	지옥 보내기 대상 타이틀카드: 흰 긁힌 붓글씨가 인물 그림·핏자국·배경문자와 겹침(재페인팅 필요)	B
452		0	640	448	篠崎歩弓	시노자키 아유미	지옥 보내기 대상 타이틀카드: 흰 긁힌 붓글씨가 인물 그림·핏자국·배경문자와 겹침(재페인팅 필요)	B
453		0	640	448	吉備津嵩泰	키비츠 타카야스	지옥 보내기 대상 타이틀카드: 흰 긁힌 붓글씨가 인물 그림·핏자국·배경문자와 겹침(재페인팅 필요)	B
454		0	640	448	笠間御咲	카사마 미사키	지옥 보내기 대상 타이틀카드: 흰 긁힌 붓글씨가 인물 그림·핏자국·배경문자와 겹침(재페인팅 필요)	B
455		0	640	448	松方智彦	마츠카타 토모히코	지옥 보내기 대상 타이틀카드: 흰 긁힌 붓글씨가 인물 그림·핏자국·배경문자와 겹침(재페인팅 필요)	B
456		0	640	448	松方信彦	마츠카타 노부히코	지옥 보내기 대상 타이틀카드: 흰 긁힌 붓글씨가 인물 그림·핏자국·배경문자와 겹침(재페인팅 필요)	B
457		0	640	448	松方美夜	마츠카타 미요	지옥 보내기 대상 타이틀카드: 흰 긁힌 붓글씨가 인물 그림·핏자국·배경문자와 겹침(재페인팅 필요)	B
458		0	640	448	草尾雅春	쿠사오 마사하루	지옥 보내기 대상 타이틀카드: 흰 긁힌 붓글씨가 인물 그림·핏자국·배경문자와 겹침(재페인팅 필요)	B
500		0	640	448	プロローグ	프롤로그	챕터 카드: 붉은 긁힌 붓글씨, 검은 단색 배경(교체 쉬움)	B
501		0	640	448	1日目	1일째	챕터 카드: 붉은 긁힌 붓글씨, 검은 단색 배경(교체 쉬움)	B
502		0	640	448	2日目	2일째	챕터 카드: 붉은 긁힌 붓글씨, 검은 단색 배경(교체 쉬움)	B
503		0	640	448	3日目	3일째	챕터 카드: 붉은 긁힌 붓글씨, 검은 단색 배경(교체 쉬움)	B
504		0	640	448	4日目	4일째	챕터 카드: 붉은 긁힌 붓글씨, 검은 단색 배경(교체 쉬움)	B
505		0	640	448	5日目	5일째	챕터 카드: 붉은 긁힌 붓글씨, 검은 단색 배경(교체 쉬움)	B
506		0	640	448	エピローグ	에필로그	챕터 카드: 붉은 긁힌 붓글씨, 검은 단색 배경(교체 쉬움)	B
621		0	640	448	キャラクターを/選択して下さい	캐릭터를/선택해 주세요	캐릭터 선택 배경. 좌측 세로쓰기 흰 붓글씨, 벚꽃 그림 위(겹침)	A
622		0	640	448	キャラクターを/選択して下さい	캐릭터를/선택해 주세요	캐릭터 선택 배경. 좌측 세로쓰기 흰 붓글씨, 벚꽃 그림 위(겹침)	A
625		0	640	448	キャラクターを/選択して下さい	캐릭터를/선택해 주세요	캐릭터 선택 배경. 좌측 세로쓰기 흰 붓글씨, 벚꽃 그림 위(겹침)	A
626		0	640	448	キャラクターを/選択して下さい	캐릭터를/선택해 주세요	캐릭터 선택 배경. 좌측 세로쓰기 흰 붓글씨, 벚꽃 그림 위(겹침)	A
629		0	640	448	キャラクターを/選択して下さい	캐릭터를/선택해 주세요	캐릭터 선택 배경. 좌측 세로쓰기 흰 붓글씨, 벚꽃 그림 위(겹침)	A
630		0	640	448	キャラクターを/選択して下さい	캐릭터를/선택해 주세요	캐릭터 선택 배경. 좌측 세로쓰기 흰 붓글씨, 벚꽃 그림 위(겹침)	A
633		0	640	448	キャラクターを/選択して下さい	캐릭터를/선택해 주세요	캐릭터 선택 배경. 좌측 세로쓰기 흰 붓글씨, 벚꽃 그림 위(겹침)	A
634		0	640	448	キャラクターを/選択して下さい	캐릭터를/선택해 주세요	캐릭터 선택 배경. 좌측 세로쓰기 흰 붓글씨, 벚꽃 그림 위(겹침)	A
637		0	640	448	キャラクターを/選択して下さい	캐릭터를/선택해 주세요	캐릭터 선택 배경. 좌측 세로쓰기 흰 붓글씨, 벚꽃 그림 위(겹침)	A
638		0	640	448	キャラクターを/選択して下さい	캐릭터를/선택해 주세요	캐릭터 선택 배경. 좌측 세로쓰기 흰 붓글씨, 벚꽃 그림 위(겹침)	A
641		0	640	448	キャラクターを/選択して下さい	캐릭터를/선택해 주세요	캐릭터 선택 배경. 좌측 세로쓰기 흰 붓글씨, 벚꽃 그림 위(겹침)	A
642		0	640	448	キャラクターを/選択して下さい	캐릭터를/선택해 주세요	캐릭터 선택 배경. 좌측 세로쓰기 흰 붓글씨, 벚꽃 그림 위(겹침)	A
724		0	640	448	キャラクターを/選択して下さい	캐릭터를/선택해 주세요	캐릭터 선택 배경. 좌측 세로쓰기 흰 붓글씨, 벚꽃 그림 위(겹침)	A
722		0	640	448	画廊 / 戻る	갤러리 / 돌아가기	갤러리 배경. 우상단 명패 흰 붓글씨, 좌하단 ×버튼+戻る	A
723		0	640	448	オプション / (항목 6개) / 戻る	옵션 / (661과 동일 항목) / 돌아가기	옵션 메인 배경; 항목 글자도 배경에 구워짐	A
728		0	640	448	セーブ	세이브	세이브 화면 배경, 상단 명패 흰 붓글씨	A
729		0	640	448	ロード	로드	로드 화면 배경	A
730		0	640	448	CG鑑賞 / 戻る	CG 감상 / 돌아가기	보너스 배경, 우상단 명패	A
731		0	640	448	MOVIE鑑賞 / 戻る	MOVIE 감상 / 돌아가기	동상	A
732		0	640	448	篠崎歩弓 / 戻る	시노자키 아유미 / 돌아가기	갤러리 캐릭터별 배경, 상단 소형 명조+×戻る	A
733		0	640	448	神林明日香 / 戻る	칸바야시 아스카 / 돌아가기	갤러리 캐릭터별 배경, 상단 소형 명조+×戻る	A
734		0	640	448	一目連 / 戻る	이치모쿠렌 / 돌아가기	갤러리 캐릭터별 배경, 상단 소형 명조+×戻る	A
735		0	640	448	ゲーム設定 / (패널 글자) / 戻る	게임 설정 / 돌아가기	옵션 하위 화면 배경; 좌상단 제목+패널 글자가 배경에 구워짐(662-665와 중복)	A
736		0	640	448	スキップモード設定 / (패널 글자) / 戻る	스킵 모드 설정 / 돌아가기	옵션 하위 화면 배경; 좌상단 제목+패널 글자가 배경에 구워짐(662-665와 중복)	A
737		0	640	448	サウンド設定 / (패널 글자) / 戻る	사운드 설정 / 돌아가기	옵션 하위 화면 배경; 좌상단 제목+패널 글자가 배경에 구워짐(662-665와 중복)	A
738		0	640	448	音声切替 / (이름 11개 有 無) / 戻る	음성 전환 / 돌아가기	옵션 하위 화면 배경; 좌상단 제목+패널 글자가 배경에 구워짐(662-665와 중복)	A
739		0	640	448	操作方法 / 戻る	조작 방법 / 돌아가기	옵션 하위 화면 배경; 좌상단 제목+패널 글자가 배경에 구워짐(662-665와 중복)	A
740		0	640	448	To Hell / トゥヘル / ～地獄少女物語～	To Hell / 투 헬 / ~지옥소녀 이야기~	보너스극 타이틀 로고(팝 그라데이션), 학교 배경 위	B
2484	1	0	640	448	御咲 私服 / 御咲 メイド	(디버그 라벨, 번역 불필요)	스프라이트 베이스 레이어의 개발용 라벨, 실제로는 가려짐	C
2487	1	0	640	448	御咲 私服 / 御咲 メイド	(디버그 라벨, 번역 불필요)	스프라이트 베이스 레이어의 개발용 라벨, 실제로는 가려짐	C
2489	1	0	640	448	御咲 私服 / 御咲 メイド	(디버그 라벨, 번역 불필요)	스프라이트 베이스 레이어의 개발용 라벨, 실제로는 가려짐	C
2622	1	0	640	448	弥生子	(디버그 라벨)	동상	C
37		0	640	448	(간판/벽보 소형 문자)	(불필요)	배경 소품	C
38		0	640	448	(간판/벽보 소형 문자)	(불필요)	배경 소품	C
39		0	640	448	(간판/벽보 소형 문자)	(불필요)	배경 소품	C
70		0	640	448	(간판/벽보 소형 문자)	(불필요)	배경 소품	C
71		0	640	448	(간판/벽보 소형 문자)	(불필요)	배경 소품	C
72		0	640	448	(간판/벽보 소형 문자)	(불필요)	배경 소품	C
