0	歩弓の結論
1	あのね、ゆずき。\n私、考えたんだけど。\n
2	媛馬神社に着くと、歩弓ちゃんが\nすぐに自分の部屋へ通してくれた。\nいつになく、深刻な顔をしている。\n
3	これから言う事、\n怒らないで聞いてね。\n
4	えっ？\nうん・・・\n
5	地獄少女・・・\n六道るいの事なんだけど。\nえっと・・・\n
6	歩弓ちゃんにしては、歯切れが悪い。\n
7	怒らないよ。\n言って。\n
8	六道るいの正体、\nきっと明日香だよ。\n
9	そんな訳ない！！\n
10	怒らないと約束した事など、\nどこかへ飛んでいた。\n腰を上げ、大きな声で反論する。\n
11	あぁ、やっぱエキサイトした。\n
12	あ・・・ごめん。\n
13	座っていた座布団を持ち、\n上げかけた腰を下ろす。\n座布団を抱いたまま、\n下を向いた。\n
14	どうして・・・\nどうしてそう思うの？\n
15	もうすぐわかる。\n考えがあるの。\n
16	考えって？\n
17	歩弓ちゃんが、\n何か言いかけたその時。\n
18	私だって、信じたくないんだ。\n見てて。\n
19	歩弓ちゃんは、パソコンに向かった。\n
20	うそでしょ？\n歩弓ちゃん？\n
21	地獄通信は、\n歩弓ちゃんを受け入れた。\n歩弓ちゃんが、\n明日香を怨んでいる・・・\n
22	地獄少女・・・\n
23	歩弓ちゃんが、\n私を見て言った。\n
24	けれどそれは、\n私に向かって言ったのでは\nない事を、次の瞬間悟る。\n
25	私の後ろに、\n閻魔あいの気配を\n感じたからだ。\n
26	呼んだでしょう？\n
27	私は、地獄少女に恨みがましく\n言った。\n
28	こうなるとわかってて、\n私に教えたの！？\n
29	無表情なまま、\n地獄少女はいつものセリフを\n歩弓ちゃんに続ける。\n私の目の前で。\n
30	・・・受け取りなさい。\n
31	あなたが本当に\n怨みを晴らしたいと思うなら、\nその赤い糸を解けばいい。\n
32	糸を解けば・・・\n私と正式に、\n契約を交わした事になる。\n
33	怨みの相手は、\nすみやかに地獄へ流されるわ。\n
34	ただし・・・\n怨みを晴らしたら、\nあなた自身にも\n代償を支払ってもらう。\n
35	人を呪わば穴二つ。\n契約を交わしたら、\nあなたの魂も地獄に堕ちる。\n
36	本で読んだ通りだ・・・\n
37	死んだあとの話だけどね。\n極楽浄土へは行けず、あなたの魂は、\n痛みと苦しみを味わいながら、\n永遠に彷徨うことになるわ。\n
38	あとは、\nあなたが決めることよ・・・。\n
39	地獄少女は、藁人形を渡すと\nいつものように消えた。\n歩弓ちゃんの手には、\n黄色い藁人形が握られている。\n
40	地獄通信に書き込む前、\n歩弓ちゃんは、\n考えがあると言っていた。\nその考えが、これだというのか。\n
41	歩弓ちゃんを止めるべきだろうか？\n
42	歩弓を止める\n
43	歩弓を止めない\n
44	明日香の地獄流し
45	目の前で、人が流される。\nしかも友達の明日香が、\n新しく友達になった歩弓ちゃんに。\n
46	そんな悲しい事が、\n起きていいはずはない。\n私は、歩弓ちゃんの手から\n藁人形を奪おうとした。\n
47	何すんのよ！！\n怒らないって言ったじゃんか！！\n
48	怒ってるんじゃない！！\nそんな悲しい事、\nしちゃダメなんだよっ！！\n
49	離せっ！！\nこれは、もしもの時の\nお守りなんだ！！\n返せっ！！\n
50	違う！　誤解だよ！\n私はただ、歩弓ちゃんに\n地獄流しをして欲しくないだけっ！\n
51	これは・・・\nいくらゆずきの頼みでも\n聞けない！！\n
52	歩弓ちゃんは誤解をしている。\n別に私は藁人形が\n欲しいわけじゃない。\n
53	ただ、ただ、歩弓ちゃんに\n地獄流しなんて悲しいことは\nやめてもらいたくて・・・。\n
54	あっ！！\n
55	怨み、聞き届けたり。\n
56	興奮した歩弓ちゃんは思わず\n糸を解いてしまっていた。\nそれに気づいたのは、\n体に異変が起きてからだった。\n
57	ここは・・・？\n
58	見覚えがあるだろう、\nお嬢さん？\n
59	あ、あなたは！！\n
60	そう。\n俺がいるって事は・・・\nもう、わかってるよな。\n
61	！！\n
62	逃げても無駄だぜ、\nお嬢さん。\n
63	あれっ！？\nどうしてまたここに！？\n
64	観念おしよ。\n
65	そ、そんな・・・\nわ、私は地獄になんか行かない！\n
66	骨のある子だねぇ。\n
67	はぁ・・・はぁ・・・\nど、どうして？\nどうしてまた・・・\n
68	自分だけ逃げるんですか？\n
69	え・・・？\n何よ！？\n
70	横取りずるいーっ！\n次は、きくりなんだからーっ！\n
71	はぁっ・・・はぁっ・・・\nそっか・・・夢！\n悪い夢だ！\n起きて、冷たい麦茶にしよう。\n
72	夢じゃねえ。\nこれがおめえの現実だ。\n目ン玉開いて、最後の最後まで\nしっかりまぶたに焼きつけな！\n
73	何よ！？\nなんで！？\nきっかけ作ったのは、\nあいつらじゃない！！\n
74	それなのに・・・それなのに・・・\n私だけ地獄へ行くなんて不公平よ！\n
75	あいつらも道連れにするまで・・・\n私は絶対に諦めない！！\n絶対に諦めないんだからぁ！！\n
76	地獄に流せるもんなら流してみろ！\nお前らなんかに・・・\n流されてたまるかぁ！！\n
77	だってよ・・・\nお嬢。\n
78	きゃあぁぁぁぁっ！！\n助けてぇぇぇっ！！\nパパァアァァぁぁっ！！\nママァァあアアァァぁぁっ・・・！！\n
79	・・・パパ・・・\nママ・・・・・・\n
80	この怨み、地獄に流します。\n
81	気がつくと、\n放心した歩弓ちゃんが私を見ていた。\n
82	歩弓ちゃん・・・\n
83	ゆずき、言ったじゃんか。\n怒らないって・・・\n
84	お守りのつもりだったのに・・・\n
85	少し離れたところで、\n歩弓ちゃんは私を見ていた。\n
86	でも、これで良かったのかも。\nどっちにしても。\n
87	これでもう、事件は起こらない・・・\n
88	後味の悪い別れ
89	翌日。\n私は賽河原へ帰る事にした。\n媛馬村に来た時は、\n３人が迎えに来てくれた。\n
90	マイペースな明日香。\nまじめな春人君。\n明るくて、でも何かを\n隠しているようだった歩弓ちゃん。\n
91	帰りのバス停。\n送りに来てくれる人は、\nひとりだった。\n
92	いや、見えている数は\nふたりか。\n
93	春人君は、あのあと熱を出し、\n家で寝込んだままだと言う。\n歩弓ちゃんから、\n屈託のない笑顔は消えていた。\n
94	数日前とは、\nあまりにも変わってしまっていた。\n
95	本当に行っちゃうんだね、\nゆずきも。\n
96	あ・・・\n「も」は余計か！\n
97	ゆずきが・・・\nその・・・消えた訳じゃないのに。\n
98	・・・・・・・\n
99	明日香、\nどうしてあんな事を・・・\n
100	・・・・・・・\n
101	良かったら、また遊びに来て。\n今度は、私が招待するから。\n
102	神社でさ。\n年１回、神馬神事って\nお祭りがあるんだ。\nそれの時とか。\n
103	・・・うん。\n
104	あんな事があった後で。\n嘘かもしれないとは、\nわかっていた。\nそれでも返事をした。\n
105	今日もまた、\n涼しい風が首筋を撫でた。\n歩弓ちゃんの襟元が、\nちらりと見える。\n
106	胃が、きゅっと締め付けられた。\n歩弓ちゃんはこれから先、\nこの刻印と共に生きていくのだ。\nそして死んだら・・・\n
107	その思いを振り払うように、\n私は言った。\n
108	じゃ、じゃあ行くね。\nバス待たせると、悪いから。\n
109	そだ！\n巫女の衣装！\nあげるって約束したから、\n今度送るね。\n
110	いきなりだったから・・・\n今日に間に合わなかった。\n
111	うん。\n
112	その時、私の中の閻魔あいが\n突然話しかけてきた。\n
113	明日香の代わりに来たよ。\nあなたに伝言だって。\n
114	「これからつらい運命が\n　待っているかもしれないけど。\n
115	　どんな運命にも、\n　ゼッタイ負けないで。\n　そして・・・\n　私みたいにならないで」\n
116	伝えたよ。\n
117	ほら、しっかりして！\nぼぅっとしてると、\n気づいたら地獄だぞ！\n
118	歩弓ちゃんの言った通り、\n媛馬村での失踪や殺人事件は、\nその後起こらなかった。\n
119	明日香・・・\nどうして私を呼んでくれたのかな？\n
120	明日香が地獄へ流されたから、\n地獄送りが止まったのだろうか。\n明日香が、六道るいによる\n連続殺人の犯人だったのか。\n
121	そもそも一体何が原因で、\nこんな事になってしまったのか？\nわからない事が多すぎる。\n
122	真相は謎のままだと思っていても、\n考えずにはいられなかった。\nただ、失ったものばかりではない。\n新しい友達もできた。\n
123	私にとっての媛馬村の事件は\nこうして終わりを告げた・・・\n
